"郵便番号","市区町村","町名","NURO 光","NURO 光 for マンション","NURO 光 10G","NURO 光 10Gs・6Gs"
"〒498-0801","桑名郡木曽岬町","大字加路戸中加路戸","提供エリア内です","提供エリア内です","お申込みいただけません","お申込みいただけません"
"〒498-0802","桑名郡木曽岬町","大字見入東見入","提供エリア内です","提供エリア内です","お申込みいただけません","お申込みいただけません"
"〒498-0802","桑名郡木曽岬町","大字見入辰高","提供エリア内です","提供エリア内です","お申込みいただけません","お申込みいただけません"
"〒498-0802","桑名郡木曽岬町","大字見入上見入","提供エリア内です","提供エリア内です","お申込みいただけません","お申込みいただけません"
"〒498-0802","桑名郡木曽岬町","大字見入下見入","提供エリア内です","提供エリア内です","お申込みいただけません","お申込みいただけません"
"〒510-0000","三重郡川越町","大字縄生","提供エリア内です","提供エリア内です","お申込みいただけません","お申込みいただけません"
"〒510-0000","三重郡川越町","大字縄生","提供エリア内です","提供エリア内です","お申込みいただけません","お申込みいただけません"
"〒510-0000","三重郡川越町","大字縄生","提供エリア内です","提供エリア内です","お申込みいただけません","お申込みいただけません"
"〒510-0001","四日市市","八田１丁目","提供エリア内です","提供エリア内です","お申込みいただけません","お申込みいただけません"
"〒510-0001","四日市市","八田３丁目","提供エリア内です","提供エリア内です","お申込みいただけません","お申込みいただけません"
"〒510-0001","四日市市","八田２丁目","提供エリア内です","提供エリア内です","お申込みいただけません","お申込みいただけません"
"〒510-0002","四日市市","羽津中３丁目","提供エリア内です","提供エリア内です","お申込みいただけません","お申込みいただけません"
"〒510-0002","四日市市","羽津中２丁目","提供エリア内です","提供エリア内です","お申込みいただけません","お申込みいただけません"
"〒510-0002","四日市市","羽津中１丁目","提供エリア内です","提供エリア内です","お申込みいただけません","お申込みいただけません"
"〒510-0003","四日市市","大宮町","提供エリア内です","提供エリア内です","お申込みいただけません","お申込みいただけません"
"〒510-0004","四日市市","大宮西町","提供エリア内です","提供エリア内です","お申込みいただけません","お申込みいただけません"
"〒510-0005","四日市市","山手町","提供エリア内です","提供エリア内です","お申込みいただけません","お申込みいただけません"
"〒510-0006","四日市市","緑丘町","提供エリア内です","提供エリア内です","お申込みいただけません","お申込みいただけません"
"〒510-0007","四日市市","別名５丁目","提供エリア内です","提供エリア内です","お申込みいただけません","お申込みいただけません"
"〒510-0007","四日市市","別名６丁目","提供エリア内です","提供エリア内です","お申込みいただけません","お申込みいただけません"
"〒510-0007","四日市市","別名２丁目","提供エリア内です","提供エリア内です","お申込みいただけません","お申込みいただけません"
"〒510-0007","四日市市","別名３丁目","提供エリア内です","提供エリア内です","お申込みいただけません","お申込みいただけません"
"〒510-0007","四日市市","別名４丁目","提供エリア内です","提供エリア内です","お申込みいただけません","お申込みいただけません"
"〒510-0007","四日市市","別名１丁目","提供エリア内です","提供エリア内です","お申込みいただけません","お申込みいただけません"
"〒510-0008","四日市市","南いかるが町","提供エリア内です","提供エリア内です","お申込みいただけません","お申込みいただけません"
"〒510-0011","四日市市","霞２丁目","提供エリア内です","提供エリア内です","お申込みいただけません","お申込みいただけません"
"〒510-0011","四日市市","霞１丁目","提供エリア内です","提供エリア内です","お申込みいただけません","お申込みいただけません"
"〒510-0012","四日市市","大字羽津","提供エリア内です","提供エリア内です","お申込みいただけません","お申込みいただけません"
"〒510-0012","四日市市","大字羽津乙","提供エリア内です","提供エリア内です","お申込みいただけません","お申込みいただけません"
"〒510-0012","四日市市","大字羽津甲","提供エリア内です","提供エリア内です","お申込みいただけません","お申込みいただけません"
"〒510-0012","四日市市","大字羽津丁","提供エリア内です","提供エリア内です","お申込みいただけません","お申込みいただけません"
"〒510-0012","四日市市","大字羽津丙","提供エリア内です","提供エリア内です","お申込みいただけません","お申込みいただけません"
"〒510-0012","四日市市","大字羽津戊","提供エリア内です","提供エリア内です","お申込みいただけません","お申込みいただけません"
"〒510-0013","四日市市","富士町","提供エリア内です","提供エリア内です","お申込みいただけません","お申込みいただけません"
"〒510-0014","四日市市","金場町","提供エリア内です","提供エリア内です","お申込みいただけません","お申込みいただけません"
"〒510-0015","四日市市","城山町","提供エリア内です","提供エリア内です","お申込みいただけません","お申込みいただけません"
"〒510-0016","四日市市","羽津山町","提供エリア内です","提供エリア内です","お申込みいただけません","お申込みいただけません"
"〒510-0017","四日市市","羽津町","提供エリア内です","提供エリア内です","お申込みいただけません","お申込みいただけません"
"〒510-0018","四日市市","白須賀１丁目","提供エリア内です","提供エリア内です","お申込みいただけません","お申込みいただけません"
"〒510-0018","四日市市","白須賀２丁目","提供エリア内です","提供エリア内です","お申込みいただけません","お申込みいただけません"
"〒510-0018","四日市市","白須賀３丁目","提供エリア内です","提供エリア内です","お申込みいただけません","お申込みいただけません"
"〒510-0021","四日市市","三郎町","提供エリア内です","提供エリア内です","お申込みいただけません","お申込みいただけません"
"〒510-0022","四日市市","大協町１丁目","提供エリア内です","提供エリア内です","お申込みいただけません","お申込みいただけません"
"〒510-0022","四日市市","大協町２丁目","提供エリア内です","提供エリア内です","お申込みいただけません","お申込みいただけません"
"〒510-0023","四日市市","午起２丁目","提供エリア内です","提供エリア内です","お申込みいただけません","お申込みいただけません"
"〒510-0023","四日市市","午起３丁目","提供エリア内です","提供エリア内です","お申込みいただけません","お申込みいただけません"
"〒510-0023","四日市市","午起１丁目","提供エリア内です","提供エリア内です","お申込みいただけません","お申込みいただけません"
"〒510-0024","四日市市","新浜町","提供エリア内です","提供エリア内です","お申込みいただけません","お申込みいただけません"
"〒510-0025","四日市市","東新町","提供エリア内です","提供エリア内です","お申込みいただけません","お申込みいただけません"
"〒510-0026","四日市市","高浜町","提供エリア内です","提供エリア内です","お申込みいただけません","お申込みいただけません"
"〒510-0027","四日市市","高浜新町","提供エリア内です","提供エリア内です","お申込みいただけません","お申込みいただけません"
"〒510-0031","四日市市","浜一色町","提供エリア内です","提供エリア内です","お申込みいただけません","お申込みいただけません"
"〒510-0032","四日市市","京町","提供エリア内です","提供エリア内です","お申込みいただけません","お申込みいただけません"
"〒510-0033","四日市市","川原町","提供エリア内です","提供エリア内です","お申込みいただけません","お申込みいただけません"
"〒510-0034","四日市市","滝川町","提供エリア内です","提供エリア内です","お申込みいただけません","お申込みいただけません"
"〒510-0035","四日市市","陶栄町","提供エリア内です","提供エリア内です","お申込みいただけません","お申込みいただけません"
"〒510-0041","四日市市","稲葉町","提供エリア内です","提供エリア内です","お申込みいただけません","お申込みいただけません"
"〒510-0042","四日市市","高砂町","提供エリア内です","提供エリア内です","お申込みいただけません","お申込みいただけません"
"〒510-0043","四日市市","南納屋町","提供エリア内です","提供エリア内です","お申込みいただけません","お申込みいただけません"
"〒510-0044","四日市市","相生町","提供エリア内です","提供エリア内です","お申込みいただけません","お申込みいただけません"
"〒510-0045","四日市市","蔵町","提供エリア内です","提供エリア内です","お申込みいただけません","お申込みいただけません"
"〒510-0046","四日市市","浜町","提供エリア内です","提供エリア内です","お申込みいただけません","お申込みいただけません"
"〒510-0047","四日市市","北納屋町","提供エリア内です","提供エリア内です","お申込みいただけません","お申込みいただけません"
"〒510-0048","四日市市","中納屋町","提供エリア内です","提供エリア内です","お申込みいただけません","お申込みいただけません"
"〒510-0051","四日市市","千歳町","提供エリア内です","提供エリア内です","お申込みいただけません","お申込みいただけません"
"〒510-0052","四日市市","末広町","提供エリア内です","提供エリア内です","お申込みいただけません","お申込みいただけません"
"〒510-0053","四日市市","曙２丁目","提供エリア内です","提供エリア内です","お申込みいただけません","提供エリア内です (要確認)"
"〒510-0053","四日市市","曙１丁目","提供エリア内です","提供エリア内です","お申込みいただけません","お申込みいただけません"
"〒510-0054","四日市市","曙町","提供エリア内です","提供エリア内です","お申込みいただけません","お申込みいただけません"
"〒510-0055","四日市市","寿町","提供エリア内です","提供エリア内です","お申込みいただけません","提供エリア内です (要確認)"
"〒510-0056","四日市市","南起町","提供エリア内です","提供エリア内です","お申込みいただけません","お申込みいただけません"
"〒510-0057","四日市市","昌栄町","提供エリア内です","提供エリア内です","お申込みいただけません","お申込みいただけません"
"〒510-0058","四日市市","西末広町","提供エリア内です","提供エリア内です","お申込みいただけません","お申込みいただけません"
"〒510-0059","四日市市","尾上町","提供エリア内です","提供エリア内です","お申込みいただけません","お申込みいただけません"
"〒510-0061","四日市市","朝日町","提供エリア内です","提供エリア内です","お申込みいただけません","お申込みいただけません"
"〒510-0062","四日市市","北浜田町","提供エリア内です","提供エリア内です","お申込みいただけません","お申込みいただけません"
"〒510-0063","四日市市","十七軒町","提供エリア内です","提供エリア内です","お申込みいただけません","お申込みいただけません"
"〒510-0064","四日市市","新正１丁目","提供エリア内です","提供エリア内です","お申込みいただけません","お申込みいただけません"
"〒510-0064","四日市市","新正５丁目","提供エリア内です","提供エリア内です","お申込みいただけません","お申込みいただけません"
"〒510-0064","四日市市","新正２丁目","提供エリア内です","提供エリア内です","お申込みいただけません","お申込みいただけません"
"〒510-0064","四日市市","新正３丁目","提供エリア内です","提供エリア内です","お申込みいただけません","お申込みいただけません"
"〒510-0064","四日市市","新正４丁目","提供エリア内です","提供エリア内です","お申込みいただけません","お申込みいただけません"
"〒510-0065","四日市市","中浜田町","提供エリア内です","提供エリア内です","お申込みいただけません","お申込みいただけません"
"〒510-0066","四日市市","南浜田町","提供エリア内です","提供エリア内です","お申込みいただけません","お申込みいただけません"
"〒510-0067","四日市市","浜田町","提供エリア内です","提供エリア内です","お申込みいただけません","お申込みいただけません"
"〒510-0068","四日市市","三栄町","提供エリア内です","提供エリア内です","お申込みいただけません","お申込みいただけません"
"〒510-0069","四日市市","幸町","提供エリア内です","提供エリア内です","お申込みいただけません","お申込みいただけません"
"〒510-0071","四日市市","西浦１丁目","提供エリア内です","提供エリア内です","お申込みいただけません","お申込みいただけません"
"〒510-0071","四日市市","西浦２丁目","提供エリア内です","提供エリア内です","お申込みいただけません","お申込みいただけません"
"〒510-0072","四日市市","九の城町","提供エリア内です","提供エリア内です","お申込みいただけません","お申込みいただけません"
"〒510-0073","四日市市","西浜田町","提供エリア内です","提供エリア内です","お申込みいただけません","お申込みいただけません"
"〒510-0074","四日市市","鵜の森２丁目","提供エリア内です","提供エリア内です","お申込みいただけません","お申込みいただけません"
"〒510-0074","四日市市","鵜の森１丁目","提供エリア内です","提供エリア内です","お申込みいただけません","お申込みいただけません"
"〒510-0075","四日市市","安島２丁目","提供エリア内です","提供エリア内です","お申込みいただけません","お申込みいただけません"
"〒510-0075","四日市市","安島１丁目","提供エリア内です","提供エリア内です","お申込みいただけません","お申込みいただけません"
"〒510-0076","四日市市","堀木２丁目","提供エリア内です","提供エリア内です","お申込みいただけません","お申込みいただけません"
"〒510-0076","四日市市","堀木１丁目","提供エリア内です","提供エリア内です","お申込みいただけません","お申込みいただけません"
"〒510-0081","四日市市","北町","提供エリア内です","提供エリア内です","お申込みいただけません","お申込みいただけません"
"〒510-0082","四日市市","中部","提供エリア内です","提供エリア内です","お申込みいただけません","お申込みいただけません"
"〒510-0083","四日市市","沖の島町","提供エリア内です","提供エリア内です","お申込みいただけません","お申込みいただけません"
"〒510-0084","四日市市","栄町","提供エリア内です","提供エリア内です","お申込みいただけません","お申込みいただけません"
"〒510-0085","四日市市","諏訪町","提供エリア内です","提供エリア内です","お申込みいただけません","お申込みいただけません"
"〒510-0086","四日市市","諏訪栄町","提供エリア内です","提供エリア内です","お申込みいただけません","お申込みいただけません"
"〒510-0087","四日市市","西新地","提供エリア内です","提供エリア内です","お申込みいただけません","お申込みいただけません"
"〒510-0088","四日市市","元町","提供エリア内です","提供エリア内です","お申込みいただけません","お申込みいただけません"
"〒510-0089","四日市市","西町","提供エリア内です","提供エリア内です","お申込みいただけません","お申込みいただけません"
"〒510-0091","四日市市","北浜町","提供エリア内です","提供エリア内です","お申込みいただけません","お申込みいただけません"
"〒510-0092","四日市市","新町","提供エリア内です","提供エリア内です","お申込みいただけません","お申込みいただけません"
"〒510-0093","四日市市","本町","提供エリア内です","提供エリア内です","お申込みいただけません","お申込みいただけません"
"〒510-0094","四日市市","新々町","提供エリア内です","提供エリア内です","お申込みいただけません","お申込みいただけません"
"〒510-0095","四日市市","元新町","提供エリア内です","提供エリア内です","お申込みいただけません","お申込みいただけません"
"〒510-0096","四日市市","中町","提供エリア内です","提供エリア内です","お申込みいただけません","お申込みいただけません"
"〒510-0097","四日市市","八幡町","提供エリア内です","提供エリア内です","お申込みいただけません","お申込みいただけません"
"〒510-0098","四日市市","北条町","提供エリア内です","提供エリア内です","お申込みいただけません","お申込みいただけません"
"〒510-0202","鈴鹿市","野町","提供エリア内です","提供エリア内です","お申込みいただけません","お申込みいただけません"
"〒510-0203","鈴鹿市","野村町","提供エリア内です","提供エリア内です","お申込みいただけません","お申込みいただけません"
"〒510-0204","鈴鹿市","稲生西１丁目","提供エリア内です","提供エリア内です","お申込みいただけません","お申込みいただけません"
"〒510-0204","鈴鹿市","稲生西２丁目","提供エリア内です","提供エリア内です","お申込みいただけません","お申込みいただけません"
"〒510-0204","鈴鹿市","稲生西３丁目","提供エリア内です","提供エリア内です","お申込みいただけません","お申込みいただけません"
"〒510-0205","鈴鹿市","稲生３丁目","提供エリア内です","提供エリア内です","お申込みいただけません","お申込みいただけません"
"〒510-0205","鈴鹿市","稲生２丁目","提供エリア内です","提供エリア内です","お申込みいただけません","お申込みいただけません"
"〒510-0205","鈴鹿市","稲生１丁目","提供エリア内です","提供エリア内です","お申込みいただけません","お申込みいただけません"
"〒510-0205","鈴鹿市","稲生４丁目","提供エリア内です","提供エリア内です","お申込みいただけません","お申込みいただけません"
"〒510-0206","鈴鹿市","稲生こがね園","提供エリア内です","提供エリア内です","お申込みいただけません","お申込みいただけません"
"〒510-0207","鈴鹿市","稲生塩屋２丁目","提供エリア内です","提供エリア内です","お申込みいただけません","お申込みいただけません"
"〒510-0207","鈴鹿市","稲生塩屋１丁目","提供エリア内です","提供エリア内です","お申込みいただけません","お申込みいただけません"
"〒510-0207","鈴鹿市","稲生塩屋３丁目","提供エリア内です","提供エリア内です","お申込みいただけません","お申込みいただけません"
"〒510-0208","鈴鹿市","鈴鹿ハイツ","提供エリア内です","提供エリア内です","お申込みいただけません","お申込みいただけません"
"〒510-0211","鈴鹿市","東旭が丘７丁目","提供エリア内です","提供エリア内です","お申込みいただけません","お申込みいただけません"
"〒510-0211","鈴鹿市","東旭が丘２丁目","提供エリア内です","提供エリア内です","お申込みいただけません","お申込みいただけません"
"〒510-0211","鈴鹿市","東旭が丘１丁目","提供エリア内です","提供エリア内です","お申込みいただけません","お申込みいただけません"
"〒510-0211","鈴鹿市","東旭が丘３丁目","提供エリア内です","提供エリア内です","お申込みいただけません","お申込みいただけません"
"〒510-0211","鈴鹿市","東旭が丘４丁目","提供エリア内です","提供エリア内です","お申込みいただけません","お申込みいただけません"
"〒510-0211","鈴鹿市","東旭が丘５丁目","提供エリア内です","提供エリア内です","お申込みいただけません","お申込みいただけません"
"〒510-0211","鈴鹿市","東旭が丘６丁目","提供エリア内です","提供エリア内です","お申込みいただけません","お申込みいただけません"
"〒510-0212","鈴鹿市","中旭が丘２丁目","提供エリア内です","提供エリア内です","お申込みいただけません","お申込みいただけません"
"〒510-0212","鈴鹿市","中旭が丘１丁目","提供エリア内です","提供エリア内です","お申込みいただけません","お申込みいただけません"
"〒510-0212","鈴鹿市","中旭が丘４丁目","提供エリア内です","提供エリア内です","お申込みいただけません","お申込みいただけません"
"〒510-0212","鈴鹿市","中旭が丘３丁目","提供エリア内です","提供エリア内です","お申込みいただけません","お申込みいただけません"
"〒510-0213","鈴鹿市","南旭が丘２丁目","提供エリア内です","提供エリア内です","お申込みいただけません","お申込みいただけません"
"〒510-0213","鈴鹿市","南旭が丘１丁目","提供エリア内です","提供エリア内です","お申込みいただけません","お申込みいただけません"
"〒510-0213","鈴鹿市","南旭が丘３丁目","提供エリア内です","提供エリア内です","お申込みいただけません","お申込みいただけません"
"〒510-0216","鈴鹿市","野町中３丁目","提供エリア内です","提供エリア内です","お申込みいただけません","お申込みいただけません"
"〒510-0216","鈴鹿市","野町中２丁目","提供エリア内です","提供エリア内です","お申込みいただけません","お申込みいただけません"
"〒510-0216","鈴鹿市","野町中１丁目","提供エリア内です","提供エリア内です","お申込みいただけません","お申込みいただけません"
"〒510-0217","鈴鹿市","野町東２丁目","提供エリア内です","提供エリア内です","お申込みいただけません","お申込みいただけません"
"〒510-0217","鈴鹿市","野町東１丁目","提供エリア内です","提供エリア内です","お申込みいただけません","お申込みいただけません"
"〒510-0218","鈴鹿市","野町西２丁目","提供エリア内です","提供エリア内です","お申込みいただけません","お申込みいただけません"
"〒510-0218","鈴鹿市","野町西１丁目","提供エリア内です","提供エリア内です","お申込みいただけません","お申込みいただけません"
"〒510-0218","鈴鹿市","野町西３丁目","提供エリア内です","提供エリア内です","お申込みいただけません","お申込みいただけません"
"〒510-0219","鈴鹿市","野町南１丁目","提供エリア内です","提供エリア内です","お申込みいただけません","お申込みいただけません"
"〒510-0226","鈴鹿市","岸岡町","提供エリア内です","提供エリア内です","お申込みいただけません","お申込みいただけません"
"〒510-0227","鈴鹿市","南若松町","提供エリア内です","提供エリア内です","お申込みいただけません","お申込みいただけません"
"〒510-0231","鈴鹿市","江島台２丁目","提供エリア内です","提供エリア内です","お申込みいただけません","お申込みいただけません"
"〒510-0231","鈴鹿市","江島台１丁目","提供エリア内です","提供エリア内です","お申込みいただけません","お申込みいただけません"
"〒510-0232","鈴鹿市","北江島町","提供エリア内です","提供エリア内です","お申込みいただけません","お申込みいただけません"
"〒510-0233","鈴鹿市","東江島町","提供エリア内です","提供エリア内です","お申込みいただけません","お申込みいただけません"
"〒510-0234","鈴鹿市","江島本町","提供エリア内です","提供エリア内です","お申込みいただけません","お申込みいただけません"
"〒510-0235","鈴鹿市","南江島町","提供エリア内です","提供エリア内です","お申込みいただけません","お申込みいただけません"
"〒510-0236","鈴鹿市","中江島町","提供エリア内です","提供エリア内です","お申込みいただけません","お申込みいただけません"
"〒510-0237","鈴鹿市","江島町","提供エリア内です","提供エリア内です","お申込みいただけません","お申込みいただけません"
"〒510-0241","鈴鹿市","白子駅前","提供エリア内です","提供エリア内です","お申込みいただけません","お申込みいただけません"
"〒510-0242","鈴鹿市","白子本町","提供エリア内です","提供エリア内です","お申込みいただけません","お申込みいただけません"
"〒510-0243","鈴鹿市","白子２丁目","提供エリア内です","提供エリア内です","お申込みいただけません","お申込みいただけません"
"〒510-0243","鈴鹿市","白子１丁目","提供エリア内です","提供エリア内です","お申込みいただけません","お申込みいただけません"
"〒510-0243","鈴鹿市","白子４丁目","提供エリア内です","提供エリア内です","お申込みいただけません","お申込みいただけません"
"〒510-0243","鈴鹿市","白子３丁目","提供エリア内です","提供エリア内です","お申込みいただけません","お申込みいただけません"
"〒510-0244","鈴鹿市","白子町","提供エリア内です","提供エリア内です","お申込みいただけません","お申込みいただけません"
"〒510-0253","鈴鹿市","寺家町","提供エリア内です","提供エリア内です","お申込みいただけません","お申込みいただけません"
"〒510-0254","鈴鹿市","寺家４丁目","提供エリア内です","提供エリア内です","お申込みいただけません","お申込みいただけません"
"〒510-0254","鈴鹿市","寺家１丁目","提供エリア内です","提供エリア内です","お申込みいただけません","お申込みいただけません"
"〒510-0254","鈴鹿市","寺家２丁目","提供エリア内です","提供エリア内です","お申込みいただけません","お申込みいただけません"
"〒510-0254","鈴鹿市","寺家３丁目","提供エリア内です","提供エリア内です","お申込みいただけません","お申込みいただけません"
"〒510-0254","鈴鹿市","寺家６丁目","提供エリア内です","提供エリア内です","お申込みいただけません","お申込みいただけません"
"〒510-0254","鈴鹿市","寺家５丁目","提供エリア内です","提供エリア内です","お申込みいただけません","お申込みいただけません"
"〒510-0254","鈴鹿市","寺家７丁目","提供エリア内です","提供エリア内です","お申込みいただけません","お申込みいただけません"
"〒510-0254","鈴鹿市","寺家８丁目","提供エリア内です","提供エリア内です","お申込みいただけません","お申込みいただけません"
"〒510-0255","鈴鹿市","磯山町","提供エリア内です","提供エリア内です","お申込みいただけません","お申込みいただけません"
"〒510-0256","鈴鹿市","磯山４丁目","提供エリア内です","提供エリア内です","お申込みいただけません","お申込みいただけません"
"〒510-0256","鈴鹿市","磯山３丁目","提供エリア内です","提供エリア内です","お申込みいただけません","お申込みいただけません"
"〒510-0256","鈴鹿市","磯山２丁目","提供エリア内です","提供エリア内です","お申込みいただけません","お申込みいただけません"
"〒510-0256","鈴鹿市","磯山１丁目","提供エリア内です","提供エリア内です","お申込みいただけません","お申込みいただけません"
"〒510-0257","鈴鹿市","東磯山２丁目","提供エリア内です","提供エリア内です","お申込みいただけません","お申込みいただけません"
"〒510-0257","鈴鹿市","東磯山３丁目","提供エリア内です","提供エリア内です","お申込みいただけません","お申込みいただけません"
"〒510-0257","鈴鹿市","東磯山４丁目","提供エリア内です","提供エリア内です","お申込みいただけません","お申込みいただけません"
"〒510-0257","鈴鹿市","東磯山１丁目","提供エリア内です","提供エリア内です","お申込みいただけません","お申込みいただけません"
"〒510-0258","鈴鹿市","秋永町","提供エリア内です","提供エリア内です","お申込みいただけません","お申込みいただけません"
"〒510-0801","四日市市","三ツ谷東町","提供エリア内です","提供エリア内です","お申込みいただけません","お申込みいただけません"
"〒510-0802","四日市市","三ツ谷町","提供エリア内です","提供エリア内です","お申込みいただけません","お申込みいただけません"
"〒510-0803","四日市市","阿倉川町","提供エリア内です","提供エリア内です","お申込みいただけません","お申込みいただけません"
"〒510-0804","四日市市","万古町","提供エリア内です","提供エリア内です","お申込みいただけません","お申込みいただけません"
"〒510-0805","四日市市","大字東阿倉川","提供エリア内です","提供エリア内です","お申込みいただけません","お申込みいただけません"
"〒510-0806","四日市市","本郷町","提供エリア内です","提供エリア内です","お申込みいただけません","お申込みいただけません"
"〒510-0807","四日市市","末永町","提供エリア内です","提供エリア内です","お申込みいただけません","お申込みいただけません"
"〒510-0810","四日市市","阿倉川新町","提供エリア内です","提供エリア内です","お申込みいただけません","お申込みいただけません"
"〒510-0811","四日市市","みゆきケ丘１丁目","提供エリア内です","提供エリア内です","お申込みいただけません","お申込みいただけません"
"〒510-0811","四日市市","みゆきケ丘２丁目","提供エリア内です","提供エリア内です","お申込みいただけません","お申込みいただけません"
"〒510-0812","四日市市","大字西阿倉川","提供エリア内です","提供エリア内です","お申込みいただけません","お申込みいただけません"
"〒510-0813","四日市市","大字末永","提供エリア内です","提供エリア内です","お申込みいただけません","お申込みいただけません"
"〒510-0814","四日市市","清水町","提供エリア内です","提供エリア内です","お申込みいただけません","お申込みいただけません"
"〒510-0815","四日市市","野田２丁目","提供エリア内です","提供エリア内です","お申込みいただけません","お申込みいただけません"
"〒510-0815","四日市市","野田１丁目","提供エリア内です","提供エリア内です","お申込みいただけません","お申込みいただけません"
"〒510-0821","四日市市","久保田１丁目","提供エリア内です","提供エリア内です","お申込みいただけません","お申込みいただけません"
"〒510-0821","四日市市","久保田２丁目","提供エリア内です","提供エリア内です","お申込みいただけません","お申込みいただけません"
"〒510-0822","四日市市","芝田１丁目","提供エリア内です","提供エリア内です","お申込みいただけません","お申込みいただけません"
"〒510-0822","四日市市","芝田２丁目","提供エリア内です","提供エリア内です","お申込みいただけません","お申込みいただけません"
"〒510-0823","四日市市","城北町","提供エリア内です","提供エリア内です","お申込みいただけません","お申込みいただけません"
"〒510-0824","四日市市","城東町","提供エリア内です","提供エリア内です","お申込みいただけません","お申込みいただけません"
"〒510-0825","四日市市","赤堀新町","提供エリア内です","提供エリア内です","お申込みいただけません","お申込みいただけません"
"〒510-0826","四日市市","赤堀３丁目","提供エリア内です","提供エリア内です","お申込みいただけません","お申込みいただけません"
"〒510-0826","四日市市","赤堀２丁目","提供エリア内です","提供エリア内です","お申込みいただけません","お申込みいただけません"
"〒510-0826","四日市市","赤堀１丁目","提供エリア内です","提供エリア内です","お申込みいただけません","お申込みいただけません"
"〒510-0827","四日市市","赤堀南町","提供エリア内です","提供エリア内です","お申込みいただけません","お申込みいただけません"
"〒510-0828","四日市市","石塚町","提供エリア内です","提供エリア内です","お申込みいただけません","お申込みいただけません"
"〒510-0829","四日市市","城西町","提供エリア内です","提供エリア内です","お申込みいただけません","お申込みいただけません"
"〒510-0831","四日市市","西伊倉町","提供エリア内です","提供エリア内です","お申込みいただけません","お申込みいただけません"
"〒510-0832","四日市市","伊倉１丁目","提供エリア内です","提供エリア内です","お申込みいただけません","お申込みいただけません"
"〒510-0832","四日市市","伊倉２丁目","提供エリア内です","提供エリア内です","お申込みいただけません","お申込みいただけません"
"〒510-0832","四日市市","伊倉３丁目","提供エリア内です","提供エリア内です","お申込みいただけません","お申込みいただけません"
"〒510-0833","四日市市","中川原２丁目","提供エリア内です","提供エリア内です","お申込みいただけません","お申込みいただけません"
"〒510-0833","四日市市","中川原３丁目","提供エリア内です","提供エリア内です","お申込みいただけません","お申込みいただけません"
"〒510-0833","四日市市","中川原１丁目","提供エリア内です","提供エリア内です","お申込みいただけません","お申込みいただけません"
"〒510-0833","四日市市","中川原４丁目","提供エリア内です","提供エリア内です","お申込みいただけません","お申込みいただけません"
"〒510-0834","四日市市","ときわ１丁目","提供エリア内です","提供エリア内です","お申込みいただけません","お申込みいただけません"
"〒510-0834","四日市市","ときわ５丁目","提供エリア内です","提供エリア内です","お申込みいただけません","お申込みいただけません"
"〒510-0834","四日市市","ときわ２丁目","提供エリア内です","提供エリア内です","お申込みいただけません","お申込みいただけません"
"〒510-0834","四日市市","ときわ３丁目","提供エリア内です","提供エリア内です","お申込みいただけません","お申込みいただけません"
"〒510-0834","四日市市","ときわ４丁目","提供エリア内です","提供エリア内です","お申込みいただけません","お申込みいただけません"
"〒510-0835","四日市市","大井手１丁目","提供エリア内です","提供エリア内です","お申込みいただけません","お申込みいただけません"
"〒510-0835","四日市市","大井手２丁目","提供エリア内です","提供エリア内です","お申込みいただけません","お申込みいただけません"
"〒510-0835","四日市市","大井手３丁目","提供エリア内です","提供エリア内です","お申込みいただけません","お申込みいただけません"
"〒510-0836","四日市市","松本１丁目","提供エリア内です","提供エリア内です","お申込みいただけません","お申込みいただけません"
"〒510-0836","四日市市","松本３丁目","提供エリア内です","提供エリア内です","お申込みいただけません","お申込みいただけません"
"〒510-0836","四日市市","松本４丁目","提供エリア内です","提供エリア内です","お申込みいただけません","お申込みいただけません"
"〒510-0836","四日市市","松本５丁目","提供エリア内です","提供エリア内です","お申込みいただけません","お申込みいただけません"
"〒510-0836","四日市市","松本６丁目","提供エリア内です","提供エリア内です","お申込みいただけません","お申込みいただけません"
"〒510-0836","四日市市","大字松本","提供エリア内です","提供エリア内です","お申込みいただけません","提供エリア内です (要確認)"
"〒510-0836","四日市市","松本２丁目","提供エリア内です","提供エリア内です","お申込みいただけません","お申込みいただけません"
"〒510-0837","四日市市","西松本町","提供エリア内です","提供エリア内です","お申込みいただけません","お申込みいただけません"
"〒510-0838","四日市市","南松本町","提供エリア内です","提供エリア内です","お申込みいただけません","提供エリア内です (要確認)"
"〒510-0839","四日市市","青葉町","提供エリア内です","提供エリア内です","お申込みいただけません","お申込みいただけません"
"〒510-0841","四日市市","三田町","提供エリア内です","提供エリア内です","お申込みいただけません","提供エリア内です"
"〒510-0842","四日市市","石原町","提供エリア内です","提供エリア内です","お申込みいただけません","提供エリア内です"
"〒510-0843","四日市市","宮東町２丁目","提供エリア内です","提供エリア内です","お申込みいただけません","提供エリア内です"
"〒510-0843","四日市市","宮東町３丁目","提供エリア内です","提供エリア内です","お申込みいただけません","提供エリア内です"
"〒510-0843","四日市市","宮東町１丁目","提供エリア内です","提供エリア内です","お申込みいただけません","提供エリア内です"
"〒510-0844","四日市市","宝町","提供エリア内です","提供エリア内です","お申込みいただけません","提供エリア内です"
"〒510-0845","四日市市","海山道町１丁目","提供エリア内です","提供エリア内です","お申込みいただけません","提供エリア内です"
"〒510-0845","四日市市","海山道町２丁目","提供エリア内です","提供エリア内です","お申込みいただけません","提供エリア内です"
"〒510-0845","四日市市","海山道町３丁目","提供エリア内です","提供エリア内です","お申込みいただけません","提供エリア内です"
"〒510-0846","四日市市","大井の川町１丁目","提供エリア内です","提供エリア内です","お申込みいただけません","提供エリア内です"
"〒510-0846","四日市市","大井の川町２丁目","提供エリア内です","提供エリア内です","お申込みいただけません","提供エリア内です"
"〒510-0846","四日市市","大井の川町３丁目","提供エリア内です","提供エリア内です","お申込みいただけません","提供エリア内です"
"〒510-0847","四日市市","大浜町","提供エリア内です","提供エリア内です","お申込みいただけません","提供エリア内です"
"〒510-0848","四日市市","東邦町","提供エリア内です","提供エリア内です","お申込みいただけません","提供エリア内です"
"〒510-0851","四日市市","塩浜町","提供エリア内です","提供エリア内です","お申込みいただけません","提供エリア内です"
"〒510-0852","四日市市","浜旭町","提供エリア内です","提供エリア内です","お申込みいただけません","提供エリア内です"
"〒510-0853","四日市市","川合町","提供エリア内です","提供エリア内です","お申込みいただけません","提供エリア内です"
"〒510-0854","四日市市","塩浜本町２丁目","提供エリア内です","提供エリア内です","お申込みいただけません","提供エリア内です"
"〒510-0854","四日市市","塩浜本町３丁目","提供エリア内です","提供エリア内です","お申込みいただけません","提供エリア内です"
"〒510-0854","四日市市","塩浜本町１丁目","提供エリア内です","提供エリア内です","お申込みいただけません","提供エリア内です"
"〒510-0855","四日市市","馳出町１丁目","提供エリア内です","提供エリア内です","お申込みいただけません","提供エリア内です"
"〒510-0855","四日市市","馳出町２丁目","提供エリア内です","提供エリア内です","お申込みいただけません","提供エリア内です"
"〒510-0855","四日市市","馳出町３丁目","提供エリア内です","提供エリア内です","お申込みいただけません","提供エリア内です"
"〒510-0856","四日市市","七つ屋町","提供エリア内です","提供エリア内です","お申込みいただけません","提供エリア内です"
"〒510-0857","四日市市","高旭町","提供エリア内です","提供エリア内です","お申込みいただけません","提供エリア内です"
"〒510-0861","四日市市","柳町","提供エリア内です","提供エリア内です","お申込みいただけません","提供エリア内です"
"〒510-0862","四日市市","御薗町１丁目","提供エリア内です","提供エリア内です","お申込みいただけません","提供エリア内です"
"〒510-0862","四日市市","御薗町２丁目","提供エリア内です","提供エリア内です","お申込みいただけません","提供エリア内です"
"〒510-0863","四日市市","大字塩浜","提供エリア内です","提供エリア内です","お申込みいただけません","提供エリア内です"
"〒510-0863","四日市市","大字塩浜磯津","提供エリア内です","提供エリア内です","お申込みいただけません","提供エリア内です"
"〒510-0863","四日市市","大字塩浜塩浜栄町","提供エリア内です","提供エリア内です","お申込みいただけません","提供エリア内です"
"〒510-0863","四日市市","大字塩浜大里町","提供エリア内です","提供エリア内です","お申込みいただけません","提供エリア内です"
"〒510-0864","四日市市","中里町","提供エリア内です","提供エリア内です","お申込みいただけません","提供エリア内です"
"〒510-0865","四日市市","小浜町","提供エリア内です","提供エリア内です","お申込みいただけません","提供エリア内です"
"〒510-0866","四日市市","大池町","提供エリア内です","提供エリア内です","お申込みいただけません","提供エリア内です"
"〒510-0867","四日市市","松泉町","提供エリア内です","提供エリア内です","お申込みいただけません","提供エリア内です"
"〒510-0868","四日市市","大字馳出","提供エリア内です","提供エリア内です","お申込みいただけません","提供エリア内です"
"〒510-0871","四日市市","川尻町","提供エリア内です","提供エリア内です","お申込みいただけません","提供エリア内です"
"〒510-0872","四日市市","内堀町","提供エリア内です","提供エリア内です","お申込みいただけません","提供エリア内です"
"〒510-0873","四日市市","貝塚町","提供エリア内です","提供エリア内です","お申込みいただけません","提供エリア内です"
"〒510-0874","四日市市","河原田町","提供エリア内です","提供エリア内です","お申込みいただけません","提供エリア内です"
"〒510-0875","四日市市","大治田１丁目","提供エリア内です","提供エリア内です","お申込みいただけません","提供エリア内です"
"〒510-0875","四日市市","大治田３丁目","提供エリア内です","提供エリア内です","お申込みいただけません","提供エリア内です"
"〒510-0875","四日市市","大治田２丁目","提供エリア内です","提供エリア内です","お申込みいただけません","提供エリア内です"
"〒510-0881","四日市市","大字六呂見","提供エリア内です","提供エリア内です","お申込みいただけません","提供エリア内です"
"〒510-0882","四日市市","追分３丁目","提供エリア内です","提供エリア内です","お申込みいただけません","提供エリア内です"
"〒510-0882","四日市市","追分１丁目","提供エリア内です","提供エリア内です","お申込みいただけません","提供エリア内です"
"〒510-0882","四日市市","追分２丁目","提供エリア内です","提供エリア内です","お申込みいただけません","提供エリア内です"
"〒510-0883","四日市市","泊小柳町","提供エリア内です","提供エリア内です","お申込みいただけません","提供エリア内です"
"〒510-0884","四日市市","泊町","提供エリア内です","提供エリア内です","お申込みいただけません","提供エリア内です"
"〒510-0885","四日市市","日永１丁目","提供エリア内です","提供エリア内です","お申込みいただけません","提供エリア内です"
"〒510-0885","四日市市","日永２丁目","提供エリア内です","提供エリア内です","お申込みいただけません","提供エリア内です"
"〒510-0885","四日市市","日永３丁目","提供エリア内です","提供エリア内です","お申込みいただけません","提供エリア内です"
"〒510-0885","四日市市","日永４丁目","提供エリア内です","提供エリア内です","お申込みいただけません","提供エリア内です"
"〒510-0885","四日市市","日永５丁目","提供エリア内です","提供エリア内です","お申込みいただけません","提供エリア内です"
"〒510-0885","四日市市","大字日永","提供エリア内です","提供エリア内です","お申込みいただけません","提供エリア内です"
"〒510-0886","四日市市","日永東１丁目","提供エリア内です","提供エリア内です","お申込みいただけません","提供エリア内です"
"〒510-0886","四日市市","日永東２丁目","提供エリア内です","提供エリア内です","お申込みいただけません","提供エリア内です"
"〒510-0886","四日市市","日永東３丁目","提供エリア内です","提供エリア内です","お申込みいただけません","提供エリア内です"
"〒510-0891","四日市市","日永西４丁目","提供エリア内です","提供エリア内です","お申込みいただけません","提供エリア内です"
"〒510-0891","四日市市","日永西５丁目","提供エリア内です","提供エリア内です","お申込みいただけません","提供エリア内です"
"〒510-0891","四日市市","日永西２丁目","提供エリア内です","提供エリア内です","お申込みいただけません","提供エリア内です"
"〒510-0891","四日市市","日永西１丁目","提供エリア内です","提供エリア内です","お申込みいただけません","提供エリア内です"
"〒510-0891","四日市市","日永西３丁目","提供エリア内です","提供エリア内です","お申込みいただけません","提供エリア内です"
"〒510-0892","四日市市","泊山崎町","提供エリア内です","提供エリア内です","お申込みいただけません","提供エリア内です"
"〒510-0893","四日市市","前田町","提供エリア内です","提供エリア内です","お申込みいただけません","提供エリア内です"
"〒510-0894","四日市市","大字泊村","提供エリア内です","提供エリア内です","お申込みいただけません","提供エリア内です"
"〒510-0941","四日市市","東日野１丁目","提供エリア内です","提供エリア内です","お申込みいただけません","提供エリア内です"
"〒510-0941","四日市市","東日野２丁目","提供エリア内です","提供エリア内です","お申込みいただけません","提供エリア内です"
"〒510-0942","四日市市","東日野町","提供エリア内です","提供エリア内です","お申込みいただけません","提供エリア内です"
"〒510-0943","四日市市","西日野町","提供エリア内です","提供エリア内です","お申込みいただけません","提供エリア内です"
"〒510-0944","四日市市","笹川２丁目","提供エリア内です","提供エリア内です","お申込みいただけません","提供エリア内です"
"〒510-0944","四日市市","笹川３丁目","提供エリア内です","提供エリア内です","お申込みいただけません","提供エリア内です"
"〒510-0944","四日市市","笹川４丁目","提供エリア内です","提供エリア内です","お申込みいただけません","提供エリア内です"
"〒510-0944","四日市市","笹川５丁目","提供エリア内です","提供エリア内です","お申込みいただけません","提供エリア内です"
"〒510-0944","四日市市","笹川６丁目","提供エリア内です","提供エリア内です","お申込みいただけません","提供エリア内です"
"〒510-0944","四日市市","笹川７丁目","提供エリア内です","提供エリア内です","お申込みいただけません","提供エリア内です"
"〒510-0944","四日市市","笹川１丁目","提供エリア内です","提供エリア内です","お申込みいただけません","提供エリア内です"
"〒510-0944","四日市市","笹川８丁目","提供エリア内です","提供エリア内です","お申込みいただけません","提供エリア内です"
"〒510-0944","四日市市","笹川９丁目","提供エリア内です","提供エリア内です","お申込みいただけません","提供エリア内です"
"〒510-0945","四日市市","高花平３丁目","提供エリア内です","提供エリア内です","お申込みいただけません","提供エリア内です"
"〒510-0945","四日市市","高花平５丁目","提供エリア内です","提供エリア内です","お申込みいただけません","提供エリア内です"
"〒510-0945","四日市市","高花平４丁目","提供エリア内です","提供エリア内です","お申込みいただけません","提供エリア内です"
"〒510-0945","四日市市","高花平１丁目","提供エリア内です","提供エリア内です","お申込みいただけません","提供エリア内です"
"〒510-0945","四日市市","高花平２丁目","提供エリア内です","提供エリア内です","お申込みいただけません","提供エリア内です"
"〒510-0946","四日市市","小林町","提供エリア内です","提供エリア内です","お申込みいただけません","提供エリア内です"
"〒510-0947","四日市市","八王子町","提供エリア内です","提供エリア内です","お申込みいただけません","提供エリア内です"
"〒510-0948","四日市市","室山町","提供エリア内です","提供エリア内です","お申込みいただけません","提供エリア内です"
"〒510-0951","四日市市","小古曽東３丁目","提供エリア内です","提供エリア内です","お申込みいただけません","提供エリア内です"
"〒510-0951","四日市市","小古曽東１丁目","提供エリア内です","提供エリア内です","お申込みいただけません","提供エリア内です"
"〒510-0951","四日市市","小古曽東２丁目","提供エリア内です","提供エリア内です","お申込みいただけません","提供エリア内です"
"〒510-0952","四日市市","小古曽町","提供エリア内です","提供エリア内です","お申込みいただけません","提供エリア内です"
"〒510-0953","四日市市","釆女が丘３丁目","提供エリア内です","提供エリア内です","お申込みいただけません","提供エリア内です"
"〒510-0953","四日市市","釆女が丘２丁目","提供エリア内です","提供エリア内です","お申込みいただけません","提供エリア内です"
"〒510-0953","四日市市","釆女が丘１丁目","提供エリア内です","提供エリア内です","お申込みいただけません","提供エリア内です"
"〒510-0953","四日市市","釆女が丘４丁目","提供エリア内です","提供エリア内です","お申込みいただけません","提供エリア内です"
"〒510-0953","四日市市","釆女が丘５丁目","提供エリア内です","提供エリア内です","お申込みいただけません","提供エリア内です"
"〒510-0954","四日市市","釆女町","提供エリア内です","提供エリア内です","お申込みいただけません","提供エリア内です"
"〒510-0957","四日市市","森カ山町","提供エリア内です","提供エリア内です","お申込みいただけません","提供エリア内です"
"〒510-0958","四日市市","小古曽３丁目","提供エリア内です","提供エリア内です","お申込みいただけません","提供エリア内です"
"〒510-0958","四日市市","小古曽４丁目","提供エリア内です","提供エリア内です","お申込みいただけません","提供エリア内です"
"〒510-0958","四日市市","小古曽１丁目","提供エリア内です","提供エリア内です","お申込みいただけません","提供エリア内です"
"〒510-0958","四日市市","小古曽５丁目","提供エリア内です","提供エリア内です","お申込みいただけません","提供エリア内です"
"〒510-0958","四日市市","小古曽６丁目","提供エリア内です","提供エリア内です","お申込みいただけません","提供エリア内です"
"〒510-0958","四日市市","小古曽２丁目","提供エリア内です","提供エリア内です","お申込みいただけません","提供エリア内です"
"〒510-0962","四日市市","波木が丘町","提供エリア内です","提供エリア内です","お申込みいただけません","提供エリア内です"
"〒510-0963","四日市市","波木南台１丁目","提供エリア内です","提供エリア内です","お申込みいただけません","提供エリア内です"
"〒510-0963","四日市市","波木南台２丁目","提供エリア内です","提供エリア内です","お申込みいただけません","提供エリア内です"
"〒510-0963","四日市市","波木南台４丁目","提供エリア内です","提供エリア内です","お申込みいただけません","提供エリア内です"
"〒510-0963","四日市市","波木南台３丁目","提供エリア内です","提供エリア内です","お申込みいただけません","提供エリア内です"
"〒510-8001","四日市市","天カ須賀２丁目","提供エリア内です","提供エリア内です","お申込みいただけません","お申込みいただけません"
"〒510-8001","四日市市","天カ須賀１丁目","提供エリア内です","提供エリア内です","お申込みいただけません","お申込みいただけません"
"〒510-8001","四日市市","天カ須賀３丁目","提供エリア内です","提供エリア内です","お申込みいただけません","お申込みいただけません"
"〒510-8001","四日市市","天カ須賀４丁目","提供エリア内です","提供エリア内です","お申込みいただけません","お申込みいただけません"
"〒510-8001","四日市市","天カ須賀５丁目","提供エリア内です","提供エリア内です","お申込みいただけません","お申込みいただけません"
"〒510-8002","四日市市","天カ須賀新町","提供エリア内です","提供エリア内です","お申込みいただけません","お申込みいただけません"
"〒510-8003","四日市市","住吉町","提供エリア内です","提供エリア内です","お申込みいただけません","お申込みいただけません"
"〒510-8004","四日市市","富田一色町","提供エリア内です","提供エリア内です","お申込みいただけません","お申込みいただけません"
"〒510-8005","四日市市","富双１丁目","提供エリア内です","提供エリア内です","お申込みいただけません","お申込みいただけません"
"〒510-8005","四日市市","富双２丁目","提供エリア内です","提供エリア内です","お申込みいただけません","お申込みいただけません"
"〒510-8006","四日市市","東富田町","提供エリア内です","提供エリア内です","お申込みいただけません","お申込みいただけません"
"〒510-8007","四日市市","富田浜元町","提供エリア内です","提供エリア内です","お申込みいただけません","お申込みいただけません"
"〒510-8008","四日市市","富田浜町","提供エリア内です","提供エリア内です","お申込みいただけません","お申込みいただけません"
"〒510-8009","四日市市","浜園町","提供エリア内です","提供エリア内です","お申込みいただけません","お申込みいただけません"
"〒510-8011","四日市市","東茂福町","提供エリア内です","提供エリア内です","お申込みいただけません","お申込みいただけません"
"〒510-8012","四日市市","茂福町","提供エリア内です","提供エリア内です","お申込みいただけません","お申込みいただけません"
"〒510-8013","四日市市","南富田町","提供エリア内です","提供エリア内です","お申込みいただけません","お申込みいただけません"
"〒510-8014","四日市市","富田３丁目","提供エリア内です","提供エリア内です","お申込みいただけません","お申込みいただけません"
"〒510-8014","四日市市","富田１丁目","提供エリア内です","提供エリア内です","お申込みいただけません","お申込みいただけません"
"〒510-8014","四日市市","富田２丁目","提供エリア内です","提供エリア内です","お申込みいただけません","お申込みいただけません"
"〒510-8014","四日市市","富田４丁目","提供エリア内です","提供エリア内です","お申込みいただけません","お申込みいただけません"
"〒510-8015","四日市市","松原町","提供エリア内です","提供エリア内です","お申込みいただけません","お申込みいただけません"
"〒510-8016","四日市市","富州原町","提供エリア内です","提供エリア内です","お申込みいただけません","お申込みいただけません"
"〒510-8017","四日市市","平町","提供エリア内です","提供エリア内です","お申込みいただけません","お申込みいただけません"
"〒510-8021","四日市市","松寺３丁目","提供エリア内です","提供エリア内です","お申込みいただけません","お申込みいただけません"
"〒510-8021","四日市市","松寺２丁目","提供エリア内です","提供エリア内です","お申込みいただけません","お申込みいただけません"
"〒510-8021","四日市市","松寺１丁目","提供エリア内です","提供エリア内です","お申込みいただけません","お申込みいただけません"
"〒510-8022","四日市市","蒔田４丁目","提供エリア内です","提供エリア内です","お申込みいただけません","お申込みいただけません"
"〒510-8022","四日市市","蒔田２丁目","提供エリア内です","提供エリア内です","お申込みいただけません","お申込みいただけません"
"〒510-8022","四日市市","蒔田１丁目","提供エリア内です","提供エリア内です","お申込みいただけません","お申込みいただけません"
"〒510-8022","四日市市","蒔田３丁目","提供エリア内です","提供エリア内です","お申込みいただけません","お申込みいただけません"
"〒510-8023","四日市市","西富田３丁目","提供エリア内です","提供エリア内です","お申込みいただけません","お申込みいただけません"
"〒510-8023","四日市市","西富田２丁目","提供エリア内です","提供エリア内です","お申込みいただけません","お申込みいただけません"
"〒510-8024","四日市市","西富田町","提供エリア内です","提供エリア内です","お申込みいただけません","お申込みいただけません"
"〒510-8025","四日市市","富田栄町","提供エリア内です","提供エリア内です","お申込みいただけません","お申込みいただけません"
"〒510-8026","四日市市","十志町","提供エリア内です","提供エリア内です","お申込みいただけません","お申込みいただけません"
"〒510-8027","四日市市","大字茂福","提供エリア内です","提供エリア内です","お申込みいただけません","お申込みいただけません"
"〒510-8028","四日市市","下之宮町","提供エリア内です","提供エリア内です","お申込みいただけません","お申込みいただけません"
"〒510-8031","四日市市","川北３丁目","提供エリア内です","提供エリア内です","お申込みいただけません","お申込みいただけません"
"〒510-8031","四日市市","川北１丁目","提供エリア内です","提供エリア内です","お申込みいただけません","お申込みいただけません"
"〒510-8031","四日市市","川北２丁目","提供エリア内です","提供エリア内です","お申込みいただけません","お申込みいただけません"
"〒510-8032","四日市市","川北町","提供エリア内です","提供エリア内です","お申込みいただけません","お申込みいただけません"
"〒510-8033","四日市市","下さざらい町","提供エリア内です","提供エリア内です","お申込みいただけません","お申込みいただけません"
"〒510-8034","四日市市","大矢知町","提供エリア内です","提供エリア内です","お申込みいただけません","お申込みいただけません"
"〒510-8035","四日市市","東垂坂町","提供エリア内です","提供エリア内です","お申込みいただけません","お申込みいただけません"
"〒510-8036","四日市市","南垂坂町","提供エリア内です","提供エリア内です","お申込みいただけません","お申込みいただけません"
"〒510-8037","四日市市","垂坂町","提供エリア内です","提供エリア内です","お申込みいただけません","お申込みいただけません"
"〒510-8038","四日市市","垂坂新町","提供エリア内です","提供エリア内です","お申込みいただけません","お申込みいただけません"
"〒510-8039","四日市市","大矢知新町","提供エリア内です","提供エリア内です","お申込みいただけません","お申込みいただけません"
"〒510-8105","三重郡朝日町","向陽台３丁目","提供エリア内です","提供エリア内です","お申込みいただけません","お申込みいただけません"
"〒510-8105","三重郡朝日町","向陽台２丁目","提供エリア内です","提供エリア内です","お申込みいただけません","お申込みいただけません"
"〒510-8105","三重郡朝日町","向陽台１丁目","提供エリア内です","提供エリア内です","お申込みいただけません","お申込みいただけません"
"〒510-8106","三重郡朝日町","白梅の丘東２丁目","提供エリア内です","提供エリア内です","お申込みいただけません","お申込みいただけません"
"〒510-8106","三重郡朝日町","白梅の丘東１丁目","提供エリア内です","提供エリア内です","お申込みいただけません","お申込みいただけません"
"〒510-8107","三重郡朝日町","白梅の丘西２丁目","提供エリア内です","提供エリア内です","お申込みいただけません","お申込みいただけません"
"〒510-8107","三重郡朝日町","白梅の丘西１丁目","提供エリア内です","提供エリア内です","お申込みいただけません","お申込みいただけません"
"〒510-8111","三重郡川越町","大字当新田","提供エリア内です","提供エリア内です","お申込みいただけません","お申込みいただけません"
"〒510-8112","三重郡川越町","大字亀須新田","提供エリア内です","提供エリア内です","お申込みいただけません","お申込みいただけません"
"〒510-8113","三重郡川越町","大字亀尾新田","提供エリア内です","提供エリア内です","お申込みいただけません","お申込みいただけません"
"〒510-8114","三重郡川越町","大字亀崎新田","提供エリア内です","提供エリア内です","お申込みいただけません","お申込みいただけません"
"〒510-8121","三重郡川越町","大字高松","提供エリア内です","提供エリア内です","お申込みいただけません","お申込みいただけません"
"〒510-8122","三重郡川越町","大字豊田","提供エリア内です","提供エリア内です","お申込みいただけません","お申込みいただけません"
"〒510-8123","三重郡川越町","大字豊田一色","提供エリア内です","提供エリア内です","お申込みいただけません","お申込みいただけません"
"〒510-8124","三重郡川越町","大字南福崎","提供エリア内です","提供エリア内です","お申込みいただけません","お申込みいただけません"
"〒510-8125","三重郡川越町","大字北福崎","提供エリア内です","提供エリア内です","お申込みいただけません","お申込みいただけません"
"〒511-0001","桑名市","大字上之輪新田","提供エリア内です","提供エリア内です","お申込みいただけません","お申込みいただけません"
"〒511-0002","桑名市","大字福島","提供エリア内です","提供エリア内です","お申込みいただけません","お申込みいただけません"
"〒511-0003","桑名市","東太一丸","提供エリア内です","提供エリア内です","お申込みいただけません","お申込みいただけません"
"〒511-0004","桑名市","住吉町","提供エリア内です","提供エリア内です","お申込みいただけません","お申込みいただけません"
"〒511-0005","桑名市","太一丸","提供エリア内です","提供エリア内です","お申込みいただけません","お申込みいただけません"
"〒511-0006","桑名市","今北町","提供エリア内です","提供エリア内です","お申込みいただけません","お申込みいただけません"
"〒511-0007","桑名市","参宮通","提供エリア内です","提供エリア内です","お申込みいただけません","お申込みいただけません"
"〒511-0008","桑名市","蓮見町","提供エリア内です","提供エリア内です","お申込みいただけません","お申込みいただけません"
"〒511-0009","桑名市","大字桑名畷町","提供エリア内です","提供エリア内です","お申込みいただけません","お申込みいただけません"
"〒511-0009","桑名市","大字桑名諸戸苑","提供エリア内です","提供エリア内です","お申込みいただけません","お申込みいただけません"
"〒511-0009","桑名市","大字桑名桑名本郷","提供エリア内です","提供エリア内です","お申込みいただけません","お申込みいただけません"
"〒511-0009","桑名市","大字桑名","提供エリア内です","提供エリア内です","お申込みいただけません","お申込みいただけません"
"〒511-0009","桑名市","大字桑名北浜町","提供エリア内です","提供エリア内です","お申込みいただけません","お申込みいただけません"
"〒511-0011","桑名市","船馬町","提供エリア内です","提供エリア内です","お申込みいただけません","お申込みいただけません"
"〒511-0012","桑名市","春日町","提供エリア内です","提供エリア内です","お申込みいただけません","お申込みいただけません"
"〒511-0013","桑名市","宝殿町","提供エリア内です","提供エリア内です","お申込みいただけません","お申込みいただけません"
"〒511-0014","桑名市","三崎通","提供エリア内です","提供エリア内です","お申込みいただけません","お申込みいただけません"
"〒511-0015","桑名市","殿町","提供エリア内です","提供エリア内です","お申込みいただけません","お申込みいただけません"
"〒511-0016","桑名市","相生町","提供エリア内です","提供エリア内です","お申込みいただけません","お申込みいただけません"
"〒511-0017","桑名市","今片町","提供エリア内です","提供エリア内です","お申込みいただけません","お申込みいただけません"
"〒511-0018","桑名市","今中町","提供エリア内です","提供エリア内です","お申込みいただけません","お申込みいただけません"
"〒511-0019","桑名市","清水町","提供エリア内です","提供エリア内です","お申込みいただけません","お申込みいただけません"
"〒511-0021","桑名市","川口町","提供エリア内です","提供エリア内です","お申込みいただけません","お申込みいただけません"
"〒511-0022","桑名市","江戸町","提供エリア内です","提供エリア内です","お申込みいただけません","お申込みいただけません"
"〒511-0023","桑名市","本町","提供エリア内です","提供エリア内です","お申込みいただけません","お申込みいただけません"
"〒511-0024","桑名市","北魚町","提供エリア内です","提供エリア内です","お申込みいただけません","お申込みいただけません"
"〒511-0025","桑名市","風呂町","提供エリア内です","提供エリア内です","お申込みいただけません","お申込みいただけません"
"〒511-0026","桑名市","宮町","提供エリア内です","提供エリア内です","お申込みいただけません","お申込みいただけません"
"〒511-0027","桑名市","福島新町","提供エリア内です","提供エリア内です","お申込みいただけません","お申込みいただけません"
"〒511-0031","桑名市","三之丸","提供エリア内です","提供エリア内です","お申込みいただけません","お申込みいただけません"
"〒511-0032","桑名市","吉之丸","提供エリア内です","提供エリア内です","お申込みいただけません","お申込みいただけません"
"〒511-0033","桑名市","大字赤須賀","提供エリア内です","提供エリア内です","お申込みいただけません","お申込みいただけません"
"〒511-0034","桑名市","大字地蔵","提供エリア内です","提供エリア内です","お申込みいただけません","お申込みいただけません"
"〒511-0035","桑名市","大字東野","提供エリア内です","提供エリア内です","お申込みいただけません","お申込みいただけません"
"〒511-0036","桑名市","伊賀町","提供エリア内です","提供エリア内です","お申込みいただけません","お申込みいただけません"
"〒511-0037","桑名市","元赤須賀","提供エリア内です","提供エリア内です","お申込みいただけません","お申込みいただけません"
"〒511-0038","桑名市","内堀","提供エリア内です","提供エリア内です","お申込みいただけません","お申込みいただけません"
"〒511-0039","桑名市","京町","提供エリア内です","提供エリア内です","お申込みいただけません","お申込みいただけません"
"〒511-0041","桑名市","外堀","提供エリア内です","提供エリア内です","お申込みいただけません","お申込みいただけません"
"〒511-0042","桑名市","柳原","提供エリア内です","提供エリア内です","お申込みいただけません","お申込みいただけません"
"〒511-0043","桑名市","新屋敷","提供エリア内です","提供エリア内です","お申込みいただけません","お申込みいただけません"
"〒511-0044","桑名市","大字萱町","提供エリア内です","提供エリア内です","お申込みいただけません","お申込みいただけません"
"〒511-0044","桑名市","萱町","提供エリア内です","提供エリア内です","お申込みいただけません","お申込みいただけません"
"〒511-0045","桑名市","伝馬町","提供エリア内です","提供エリア内です","お申込みいただけません","お申込みいただけません"
"〒511-0046","桑名市","一色町","提供エリア内です","提供エリア内です","お申込みいただけません","お申込みいただけません"
"〒511-0047","桑名市","鍜冶町","提供エリア内です","提供エリア内です","お申込みいただけません","お申込みいただけません"
"〒511-0048","桑名市","新町","提供エリア内です","提供エリア内です","お申込みいただけません","お申込みいただけません"
"〒511-0049","桑名市","八幡町","提供エリア内です","提供エリア内です","お申込みいただけません","お申込みいただけません"
"〒511-0051","桑名市","矢田磧","提供エリア内です","提供エリア内です","お申込みいただけません","お申込みいただけません"
"〒511-0052","桑名市","相川町","提供エリア内です","提供エリア内です","お申込みいただけません","お申込みいただけません"
"〒511-0052","桑名市","相川町八坂町","提供エリア内です","提供エリア内です","お申込みいただけません","お申込みいただけません"
"〒511-0053","桑名市","東鍋屋町","提供エリア内です","提供エリア内です","お申込みいただけません","お申込みいただけません"
"〒511-0054","桑名市","西鍋屋町","提供エリア内です","提供エリア内です","お申込みいただけません","お申込みいただけません"
"〒511-0055","桑名市","東矢田町","提供エリア内です","提供エリア内です","お申込みいただけません","お申込みいただけません"
"〒511-0056","桑名市","西矢田町","提供エリア内です","提供エリア内です","お申込みいただけません","お申込みいただけません"
"〒511-0057","桑名市","三ツ矢橋","提供エリア内です","提供エリア内です","お申込みいただけません","お申込みいただけません"
"〒511-0057","桑名市","三ツ矢橋八坂町","提供エリア内です","提供エリア内です","お申込みいただけません","お申込みいただけません"
"〒511-0057","桑名市","三ツ矢橋浅川通","提供エリア内です","提供エリア内です","お申込みいただけません","お申込みいただけません"
"〒511-0058","桑名市","千代田町","提供エリア内です","提供エリア内です","お申込みいただけません","お申込みいただけません"
"〒511-0061","桑名市","寿町１丁目","提供エリア内です","提供エリア内です","お申込みいただけません","お申込みいただけません"
"〒511-0061","桑名市","寿町２丁目","提供エリア内です","提供エリア内です","お申込みいただけません","お申込みいただけません"
"〒511-0061","桑名市","寿町３丁目","提供エリア内です","提供エリア内です","お申込みいただけません","お申込みいただけません"
"〒511-0062","桑名市","常盤町","提供エリア内です","提供エリア内です","お申込みいただけません","お申込みいただけません"
"〒511-0062","桑名市","常盤町東常盤町","提供エリア内です","提供エリア内です","お申込みいただけません","お申込みいただけません"
"〒511-0063","桑名市","京橋町","提供エリア内です","提供エリア内です","お申込みいただけません","お申込みいただけません"
"〒511-0064","桑名市","新築町","提供エリア内です","提供エリア内です","お申込みいただけません","お申込みいただけません"
"〒511-0065","桑名市","大央町","提供エリア内です","提供エリア内です","お申込みいただけません","お申込みいただけません"
"〒511-0066","桑名市","北鍋屋町","提供エリア内です","提供エリア内です","お申込みいただけません","お申込みいただけません"
"〒511-0067","桑名市","掛樋","提供エリア内です","提供エリア内です","お申込みいただけません","お申込みいただけません"
"〒511-0068","桑名市","中央町５丁目","提供エリア内です","提供エリア内です","お申込みいただけません","お申込みいただけません"
"〒511-0068","桑名市","中央町４丁目","提供エリア内です","提供エリア内です","お申込みいただけません","お申込みいただけません"
"〒511-0068","桑名市","中央町３丁目","提供エリア内です","提供エリア内です","お申込みいただけません","お申込みいただけません"
"〒511-0068","桑名市","中央町１丁目","提供エリア内です","提供エリア内です","お申込みいただけません","お申込みいただけません"
"〒511-0068","桑名市","中央町２丁目","提供エリア内です","提供エリア内です","お申込みいただけません","お申込みいただけません"
"〒511-0069","桑名市","新矢田１丁目","提供エリア内です","提供エリア内です","お申込みいただけません","お申込みいただけません"
"〒511-0069","桑名市","新矢田２丁目","提供エリア内です","提供エリア内です","お申込みいただけません","お申込みいただけません"
"〒511-0071","桑名市","駅元町","提供エリア内です","提供エリア内です","お申込みいただけません","お申込みいただけません"
"〒511-0072","桑名市","堤原","提供エリア内です","提供エリア内です","お申込みいただけません","お申込みいただけません"
"〒511-0073","桑名市","北寺町","提供エリア内です","提供エリア内です","お申込みいただけません","お申込みいただけません"
"〒511-0074","桑名市","南寺町","提供エリア内です","提供エリア内です","お申込みいただけません","お申込みいただけません"
"〒511-0075","桑名市","三栄町","提供エリア内です","提供エリア内です","お申込みいただけません","お申込みいただけません"
"〒511-0076","桑名市","八間通","提供エリア内です","提供エリア内です","お申込みいただけません","お申込みいただけません"
"〒511-0077","桑名市","末広町","提供エリア内です","提供エリア内です","お申込みいただけません","お申込みいただけません"
"〒511-0078","桑名市","桑栄町","提供エリア内です","提供エリア内です","お申込みいただけません","お申込みいただけません"
"〒511-0079","桑名市","有楽町","提供エリア内です","提供エリア内です","お申込みいただけません","お申込みいただけません"
"〒511-0081","桑名市","片町","提供エリア内です","提供エリア内です","お申込みいただけません","お申込みいただけません"
"〒511-0082","桑名市","宮通","提供エリア内です","提供エリア内です","お申込みいただけません","お申込みいただけません"
"〒511-0083","桑名市","職人町","提供エリア内です","提供エリア内です","お申込みいただけません","お申込みいただけません"
"〒511-0084","桑名市","油町","提供エリア内です","提供エリア内です","お申込みいただけません","お申込みいただけません"
"〒511-0085","桑名市","紺屋町","提供エリア内です","提供エリア内です","お申込みいただけません","お申込みいただけません"
"〒511-0086","桑名市","入江葭町","提供エリア内です","提供エリア内です","お申込みいただけません","お申込みいただけません"
"〒511-0087","桑名市","吉津屋町","提供エリア内です","提供エリア内です","お申込みいただけません","お申込みいただけません"
"〒511-0088","桑名市","南魚町","提供エリア内です","提供エリア内です","お申込みいただけません","お申込みいただけません"
"〒511-0089","桑名市","田町","提供エリア内です","提供エリア内です","お申込みいただけません","お申込みいただけません"
"〒511-0806","桑名市","大字東汰上","提供エリア内です","提供エリア内です","お申込みいただけません","お申込みいただけません"
"〒511-0807","桑名市","大字西汰上","提供エリア内です","提供エリア内です","お申込みいただけません","お申込みいただけません"
"〒511-0810","桑名市","清竹の丘","提供エリア内です","提供エリア内です","お申込みいただけません","お申込みいただけません"
"〒511-0811","桑名市","大字東方若竹町","提供エリア内です","提供エリア内です","お申込みいただけません","お申込みいただけません"
"〒511-0811","桑名市","大字東方","提供エリア内です","提供エリア内です","お申込みいただけません","お申込みいただけません"
"〒511-0811","桑名市","大字東方畷町","提供エリア内です","提供エリア内です","お申込みいただけません","お申込みいただけません"
"〒511-0811","桑名市","大字東方徳成町","提供エリア内です","提供エリア内です","お申込みいただけません","お申込みいただけません"
"〒511-0811","桑名市","大字東方船着町","提供エリア内です","提供エリア内です","お申込みいただけません","お申込みいただけません"
"〒511-0812","桑名市","大字尾野山","提供エリア内です","提供エリア内です","お申込みいただけません","お申込みいただけません"
"〒511-0813","桑名市","桜通","提供エリア内です","提供エリア内です","お申込みいただけません","お申込みいただけません"
"〒511-0814","桑名市","松並町１丁目","提供エリア内です","提供エリア内です","お申込みいただけません","お申込みいただけません"
"〒511-0814","桑名市","松並町２丁目","提供エリア内です","提供エリア内です","お申込みいただけません","お申込みいただけません"
"〒511-0815","桑名市","梅園通","提供エリア内です","提供エリア内です","お申込みいただけません","お申込みいただけません"
"〒511-0816","桑名市","汐見町１丁目","提供エリア内です","提供エリア内です","お申込みいただけません","お申込みいただけません"
"〒511-0816","桑名市","汐見町２丁目","提供エリア内です","提供エリア内です","お申込みいただけません","お申込みいただけません"
"〒511-0816","桑名市","汐見町３丁目","提供エリア内です","提供エリア内です","お申込みいただけません","お申込みいただけません"
"〒511-0817","桑名市","青葉町１丁目","提供エリア内です","提供エリア内です","お申込みいただけません","お申込みいただけません"
"〒511-0817","桑名市","青葉町２丁目","提供エリア内です","提供エリア内です","お申込みいただけません","お申込みいただけません"
"〒511-0818","桑名市","高塚町４丁目","提供エリア内です","提供エリア内です","お申込みいただけません","お申込みいただけません"
"〒511-0818","桑名市","高塚町２丁目","提供エリア内です","提供エリア内です","お申込みいただけません","お申込みいただけません"
"〒511-0818","桑名市","高塚町３丁目","提供エリア内です","提供エリア内です","お申込みいただけません","お申込みいただけません"
"〒511-0818","桑名市","高塚町５丁目","提供エリア内です","提供エリア内です","お申込みいただけません","お申込みいただけません"
"〒511-0818","桑名市","高塚町１丁目","提供エリア内です","提供エリア内です","お申込みいただけません","お申込みいただけません"
"〒511-0818","桑名市","高塚町６丁目","提供エリア内です","提供エリア内です","お申込みいただけません","お申込みいただけません"
"〒511-0819","桑名市","大字北別所","提供エリア内です","提供エリア内です","お申込みいただけません","お申込みいただけません"
"〒511-0819","桑名市","大字北別所大成町","提供エリア内です","提供エリア内です","お申込みいただけません","お申込みいただけません"
"〒511-0819","桑名市","大字北別所成徳町","提供エリア内です","提供エリア内です","お申込みいただけません","お申込みいただけません"
"〒511-0821","桑名市","大字矢田","提供エリア内です","提供エリア内です","お申込みいただけません","お申込みいただけません"
"〒511-0821","桑名市","大字矢田向陽町","提供エリア内です","提供エリア内です","お申込みいただけません","お申込みいただけません"
"〒511-0822","桑名市","馬道１丁目","提供エリア内です","提供エリア内です","お申込みいただけません","お申込みいただけません"
"〒511-0823","桑名市","明正町","提供エリア内です","提供エリア内です","お申込みいただけません","お申込みいただけません"
"〒511-0824","桑名市","大字繁松新田","提供エリア内です","提供エリア内です","お申込みいただけません","お申込みいただけません"
"〒511-0825","桑名市","大字上野徳成町","提供エリア内です","提供エリア内です","お申込みいただけません","お申込みいただけません"
"〒511-0825","桑名市","大字上野","提供エリア内です","提供エリア内です","お申込みいただけません","お申込みいただけません"
"〒511-0826","桑名市","大字太夫","提供エリア内です","提供エリア内です","お申込みいただけません","お申込みいただけません"
"〒511-0827","桑名市","霞町２丁目","提供エリア内です","提供エリア内です","お申込みいただけません","お申込みいただけません"
"〒511-0827","桑名市","霞町１丁目","提供エリア内です","提供エリア内です","お申込みいただけません","お申込みいただけません"
"〒511-0828","桑名市","立花町１丁目","提供エリア内です","提供エリア内です","お申込みいただけません","お申込みいただけません"
"〒511-0828","桑名市","立花町２丁目","提供エリア内です","提供エリア内です","お申込みいただけません","お申込みいただけません"
"〒511-0829","桑名市","神楽町１丁目","提供エリア内です","提供エリア内です","お申込みいただけません","お申込みいただけません"
"〒511-0829","桑名市","神楽町２丁目","提供エリア内です","提供エリア内です","お申込みいただけません","お申込みいただけません"
"〒511-0831","桑名市","益生町","提供エリア内です","提供エリア内です","お申込みいただけません","お申込みいただけません"
"〒511-0832","桑名市","新地","提供エリア内です","提供エリア内です","お申込みいただけません","お申込みいただけません"
"〒511-0833","桑名市","福江町","提供エリア内です","提供エリア内です","お申込みいただけません","お申込みいただけません"
"〒511-0834","桑名市","大字大福八重垣町","提供エリア内です","提供エリア内です","お申込みいただけません","お申込みいただけません"
"〒511-0834","桑名市","大字大福","提供エリア内です","提供エリア内です","お申込みいただけません","お申込みいただけません"
"〒511-0835","桑名市","大字本願寺","提供エリア内です","提供エリア内です","お申込みいただけません","お申込みいただけません"
"〒511-0835","桑名市","大字本願寺川成町","提供エリア内です","提供エリア内です","お申込みいただけません","お申込みいただけません"
"〒511-0835","桑名市","大字本願寺向陽町","提供エリア内です","提供エリア内です","お申込みいただけません","お申込みいただけません"
"〒511-0836","桑名市","大字江場","提供エリア内です","提供エリア内です","お申込みいただけません","お申込みいただけません"
"〒511-0836","桑名市","大字江場東新町","提供エリア内です","提供エリア内です","お申込みいただけません","お申込みいただけません"
"〒511-0837","桑名市","大字小泉","提供エリア内です","提供エリア内です","お申込みいただけません","お申込みいただけません"
"〒511-0838","桑名市","大字和泉","提供エリア内です","提供エリア内です","お申込みいただけません","お申込みいただけません"
"〒511-0839","桑名市","大字安永","提供エリア内です","提供エリア内です","お申込みいただけません","お申込みいただけません"
"〒511-0841","桑名市","大字小貝須","提供エリア内です","提供エリア内です","お申込みいただけません","お申込みいただけません"
"〒511-0842","桑名市","大字立田町","提供エリア内です","提供エリア内です","お申込みいただけません","お申込みいただけません"
"〒511-0843","桑名市","大字太平町","提供エリア内です","提供エリア内です","お申込みいただけません","お申込みいただけません"
"〒511-0844","桑名市","大字福岡町","提供エリア内です","提供エリア内です","お申込みいただけません","お申込みいただけません"
"〒511-0845","桑名市","大字福地","提供エリア内です","提供エリア内です","お申込みいただけません","お申込みいただけません"
"〒511-0846","桑名市","大字萱町城南萱町","提供エリア内です","提供エリア内です","お申込みいただけません","お申込みいただけません"
"〒511-0847","桑名市","大字福江","提供エリア内です","提供エリア内です","お申込みいただけません","お申込みいただけません"
"〒511-0848","桑名市","大字大貝須","提供エリア内です","提供エリア内です","お申込みいただけません","お申込みいただけません"
"〒511-0851","桑名市","大字西別所希望ケ丘","提供エリア内です","提供エリア内です","お申込みいただけません","お申込みいただけません"
"〒511-0851","桑名市","大字西別所","提供エリア内です","提供エリア内です","お申込みいただけません","お申込みいただけません"
"〒511-0852","桑名市","大字稗田","提供エリア内です","提供エリア内です","お申込みいただけません","お申込みいただけません"
"〒511-0853","桑名市","大字増田","提供エリア内です","提供エリア内です","お申込みいただけません","お申込みいただけません"
"〒511-0854","桑名市","大字蓮花寺","提供エリア内です","提供エリア内です","お申込みいただけません","お申込みいただけません"
"〒511-0855","桑名市","新倉持","提供エリア内です","提供エリア内です","お申込みいただけません","お申込みいただけません"
"〒511-0862","桑名市","大字播磨","提供エリア内です","提供エリア内です","お申込みいただけません","お申込みいただけません"
"〒511-0862","桑名市","大字播磨成徳町","提供エリア内です","提供エリア内です","お申込みいただけません","お申込みいただけません"
"〒511-0863","桑名市","新西方７丁目","提供エリア内です","提供エリア内です","お申込みいただけません","お申込みいただけません"
"〒511-0863","桑名市","新西方６丁目","提供エリア内です","提供エリア内です","お申込みいただけません","お申込みいただけません"
"〒511-0863","桑名市","新西方１丁目","提供エリア内です","提供エリア内です","お申込みいただけません","お申込みいただけません"
"〒511-0863","桑名市","新西方４丁目","提供エリア内です","提供エリア内です","お申込みいただけません","お申込みいただけません"
"〒511-0863","桑名市","新西方２丁目","提供エリア内です","提供エリア内です","お申込みいただけません","お申込みいただけません"
"〒511-0863","桑名市","新西方３丁目","提供エリア内です","提供エリア内です","お申込みいただけません","お申込みいただけません"
"〒511-0863","桑名市","新西方５丁目","提供エリア内です","提供エリア内です","お申込みいただけません","お申込みいただけません"
"〒511-0864","桑名市","大字西方","提供エリア内です","提供エリア内です","お申込みいただけません","お申込みいただけません"
"〒511-0865","桑名市","藤が丘９丁目","提供エリア内です","提供エリア内です","お申込みいただけません","お申込みいただけません"
"〒511-0865","桑名市","藤が丘８丁目","提供エリア内です","提供エリア内です","お申込みいただけません","お申込みいただけません"
"〒511-0865","桑名市","藤が丘６丁目","提供エリア内です","提供エリア内です","お申込みいただけません","お申込みいただけません"
"〒511-0865","桑名市","藤が丘５丁目","提供エリア内です","提供エリア内です","お申込みいただけません","お申込みいただけません"
"〒511-0865","桑名市","藤が丘４丁目","提供エリア内です","提供エリア内です","お申込みいただけません","お申込みいただけません"
"〒511-0865","桑名市","藤が丘３丁目","提供エリア内です","提供エリア内です","お申込みいただけません","お申込みいただけません"
"〒511-0865","桑名市","藤が丘１丁目","提供エリア内です","提供エリア内です","お申込みいただけません","お申込みいただけません"
"〒511-0865","桑名市","藤が丘７丁目","提供エリア内です","提供エリア内です","お申込みいただけません","お申込みいただけません"
"〒511-0865","桑名市","藤が丘２丁目","提供エリア内です","提供エリア内です","お申込みいただけません","お申込みいただけません"
"〒511-0866","桑名市","神成町１丁目","提供エリア内です","提供エリア内です","お申込みいただけません","お申込みいただけません"
"〒511-0866","桑名市","神成町２丁目","提供エリア内です","提供エリア内です","お申込みいただけません","お申込みいただけません"
"〒511-0867","桑名市","陽だまりの丘１丁目","提供エリア内です","提供エリア内です","お申込みいただけません","お申込みいただけません"
"〒511-0867","桑名市","陽だまりの丘２丁目","提供エリア内です","提供エリア内です","お申込みいただけません","お申込みいただけません"
"〒511-0867","桑名市","陽だまりの丘３丁目","提供エリア内です","提供エリア内です","お申込みいただけません","お申込みいただけません"
"〒511-0867","桑名市","陽だまりの丘４丁目","提供エリア内です","提供エリア内です","お申込みいただけません","お申込みいただけません"
"〒511-0867","桑名市","陽だまりの丘５丁目","提供エリア内です","提供エリア内です","お申込みいただけません","お申込みいただけません"
"〒511-0867","桑名市","陽だまりの丘６丁目","提供エリア内です","提供エリア内です","お申込みいただけません","お申込みいただけません"
"〒511-0867","桑名市","陽だまりの丘７丁目","提供エリア内です","提供エリア内です","お申込みいただけません","お申込みいただけません"
"〒511-0867","桑名市","陽だまりの丘８丁目","提供エリア内です","提供エリア内です","お申込みいただけません","お申込みいただけません"
"〒511-0901","桑名市","筒尾３丁目","提供エリア内です","提供エリア内です","お申込みいただけません","お申込みいただけません"
"〒511-0901","桑名市","筒尾４丁目","提供エリア内です","提供エリア内です","お申込みいただけません","お申込みいただけません"
"〒511-0901","桑名市","筒尾９丁目","提供エリア内です","提供エリア内です","お申込みいただけません","お申込みいただけません"
"〒511-0901","桑名市","筒尾８丁目","提供エリア内です","提供エリア内です","お申込みいただけません","お申込みいただけません"
"〒511-0901","桑名市","筒尾７丁目","提供エリア内です","提供エリア内です","お申込みいただけません","お申込みいただけません"
"〒511-0901","桑名市","筒尾６丁目","提供エリア内です","提供エリア内です","お申込みいただけません","お申込みいただけません"
"〒511-0901","桑名市","筒尾２丁目","提供エリア内です","提供エリア内です","お申込みいただけません","お申込みいただけません"
"〒511-0901","桑名市","筒尾１丁目","提供エリア内です","提供エリア内です","お申込みいただけません","お申込みいただけません"
"〒511-0901","桑名市","筒尾５丁目","提供エリア内です","提供エリア内です","お申込みいただけません","お申込みいただけません"
"〒511-0902","桑名市","松ノ木１丁目","提供エリア内です","提供エリア内です","お申込みいただけません","お申込みいただけません"
"〒511-0902","桑名市","松ノ木２丁目","提供エリア内です","提供エリア内です","お申込みいただけません","お申込みいただけません"
"〒511-0902","桑名市","松ノ木３丁目","提供エリア内です","提供エリア内です","お申込みいただけません","お申込みいただけません"
"〒511-0902","桑名市","松ノ木４丁目","提供エリア内です","提供エリア内です","お申込みいただけません","お申込みいただけません"
"〒511-0902","桑名市","松ノ木５丁目","提供エリア内です","提供エリア内です","お申込みいただけません","お申込みいただけません"
"〒511-0902","桑名市","松ノ木６丁目","提供エリア内です","提供エリア内です","お申込みいただけません","お申込みいただけません"
"〒511-0902","桑名市","松ノ木７丁目","提供エリア内です","提供エリア内です","お申込みいただけません","お申込みいただけません"
"〒511-0902","桑名市","松ノ木８丁目","提供エリア内です","提供エリア内です","お申込みいただけません","お申込みいただけません"
"〒511-0903","桑名市","大山田２丁目","提供エリア内です","提供エリア内です","お申込みいただけません","お申込みいただけません"
"〒511-0903","桑名市","大山田３丁目","提供エリア内です","提供エリア内です","お申込みいただけません","お申込みいただけません"
"〒511-0903","桑名市","大山田４丁目","提供エリア内です","提供エリア内です","お申込みいただけません","お申込みいただけません"
"〒511-0903","桑名市","大山田６丁目","提供エリア内です","提供エリア内です","お申込みいただけません","お申込みいただけません"
"〒511-0903","桑名市","大山田７丁目","提供エリア内です","提供エリア内です","お申込みいただけません","お申込みいただけません"
"〒511-0903","桑名市","大山田８丁目","提供エリア内です","提供エリア内です","お申込みいただけません","お申込みいただけません"
"〒511-0903","桑名市","大山田１丁目","提供エリア内です","提供エリア内です","お申込みいただけません","お申込みいただけません"
"〒511-0903","桑名市","大山田５丁目","提供エリア内です","提供エリア内です","お申込みいただけません","お申込みいただけません"
"〒511-0904","桑名市","野田１丁目","提供エリア内です","提供エリア内です","お申込みいただけません","お申込みいただけません"
"〒511-0904","桑名市","野田２丁目","提供エリア内です","提供エリア内です","お申込みいただけません","お申込みいただけません"
"〒511-0904","桑名市","野田３丁目","提供エリア内です","提供エリア内です","お申込みいただけません","お申込みいただけません"
"〒511-0904","桑名市","野田４丁目","提供エリア内です","提供エリア内です","お申込みいただけません","お申込みいただけません"
"〒511-0904","桑名市","野田５丁目","提供エリア内です","提供エリア内です","お申込みいただけません","お申込みいただけません"
"〒511-0904","桑名市","野田６丁目","提供エリア内です","提供エリア内です","お申込みいただけません","お申込みいただけません"
"〒511-0911","桑名市","大字額田","提供エリア内です","提供エリア内です","お申込みいただけません","お申込みいただけません"
"〒511-0912","桑名市","大字星川","提供エリア内です","提供エリア内です","お申込みいただけません","お申込みいただけません"
"〒511-0912","桑名市","星見ヶ丘８丁目","提供エリア内です","提供エリア内です","お申込みいただけません","お申込みいただけません"
"〒511-0912","桑名市","星見ヶ丘７丁目","提供エリア内です","提供エリア内です","お申込みいただけません","お申込みいただけません"
"〒511-0912","桑名市","星見ヶ丘６丁目","提供エリア内です","提供エリア内です","お申込みいただけません","お申込みいただけません"
"〒511-0912","桑名市","星見ヶ丘５丁目","提供エリア内です","提供エリア内です","お申込みいただけません","お申込みいただけません"
"〒511-0912","桑名市","星見ヶ丘３丁目","提供エリア内です","提供エリア内です","お申込みいただけません","お申込みいただけません"
"〒511-0912","桑名市","星見ヶ丘２丁目","提供エリア内です","提供エリア内です","お申込みいただけません","お申込みいただけません"
"〒511-0912","桑名市","星見ヶ丘１丁目","提供エリア内です","提供エリア内です","お申込みいただけません","お申込みいただけません"
"〒511-0912","桑名市","星見ヶ丘９丁目","提供エリア内です","提供エリア内です","お申込みいただけません","お申込みいただけません"
"〒511-0912","桑名市","星見ヶ丘４丁目","提供エリア内です","提供エリア内です","お申込みいただけません","お申込みいただけません"
"〒511-0913","桑名市","里町","提供エリア内です","提供エリア内です","お申込みいただけません","お申込みいただけません"
"〒511-0914","桑名市","中山町","提供エリア内です","提供エリア内です","お申込みいただけません","お申込みいただけません"
"〒511-0921","桑名市","大字東金井","提供エリア内です","提供エリア内です","お申込みいただけません","お申込みいただけません"
"〒511-0922","桑名市","大字西金井","提供エリア内です","提供エリア内です","お申込みいただけません","お申込みいただけません"
"〒511-0923","桑名市","大字桑部","提供エリア内です","提供エリア内です","お申込みいただけません","お申込みいただけません"
"〒511-0924","桑名市","城山台","提供エリア内です","提供エリア内です","お申込みいただけません","お申込みいただけません"
"〒511-0931","桑名市","大字能部","提供エリア内です","提供エリア内です","お申込みいただけません","お申込みいただけません"
"〒511-0932","桑名市","東正和台２丁目","提供エリア内です","提供エリア内です","お申込みいただけません","お申込みいただけません"
"〒511-0932","桑名市","東正和台３丁目","提供エリア内です","提供エリア内です","お申込みいただけません","お申込みいただけません"
"〒511-0932","桑名市","東正和台４丁目","提供エリア内です","提供エリア内です","お申込みいただけません","お申込みいただけません"
"〒511-0932","桑名市","東正和台５丁目","提供エリア内です","提供エリア内です","お申込みいただけません","お申込みいただけません"
"〒511-0932","桑名市","東正和台６丁目","提供エリア内です","提供エリア内です","お申込みいただけません","お申込みいただけません"
"〒511-0932","桑名市","東正和台７丁目","提供エリア内です","提供エリア内です","お申込みいただけません","お申込みいただけません"
"〒511-0932","桑名市","東正和台１丁目","提供エリア内です","提供エリア内です","お申込みいただけません","お申込みいただけません"
"〒511-0933","桑名市","西正和台２丁目","提供エリア内です","提供エリア内です","お申込みいただけません","お申込みいただけません"
"〒511-0933","桑名市","西正和台１丁目","提供エリア内です","提供エリア内です","お申込みいただけません","お申込みいただけません"
"〒511-0933","桑名市","西正和台３丁目","提供エリア内です","提供エリア内です","お申込みいただけません","お申込みいただけません"
"〒511-0933","桑名市","西正和台４丁目","提供エリア内です","提供エリア内です","お申込みいただけません","お申込みいただけません"
"〒511-0933","桑名市","西正和台５丁目","提供エリア内です","提供エリア内です","お申込みいただけません","お申込みいただけません"
"〒511-0934","桑名市","大字赤尾","提供エリア内です","提供エリア内です","お申込みいただけません","お申込みいただけません"
"〒511-0935","桑名市","赤尾台９丁目","提供エリア内です","提供エリア内です","お申込みいただけません","お申込みいただけません"
"〒511-0935","桑名市","赤尾台８丁目","提供エリア内です","提供エリア内です","お申込みいただけません","お申込みいただけません"
"〒511-0935","桑名市","赤尾台２丁目","提供エリア内です","提供エリア内です","お申込みいただけません","お申込みいただけません"
"〒511-0935","桑名市","赤尾台３丁目","提供エリア内です","提供エリア内です","お申込みいただけません","お申込みいただけません"
"〒511-0935","桑名市","赤尾台４丁目","提供エリア内です","提供エリア内です","お申込みいただけません","お申込みいただけません"
"〒511-0935","桑名市","赤尾台５丁目","提供エリア内です","提供エリア内です","お申込みいただけません","お申込みいただけません"
"〒511-0935","桑名市","赤尾台６丁目","提供エリア内です","提供エリア内です","お申込みいただけません","お申込みいただけません"
"〒511-0935","桑名市","赤尾台７丁目","提供エリア内です","提供エリア内です","お申込みいただけません","お申込みいただけません"
"〒511-0935","桑名市","赤尾台１丁目","提供エリア内です","提供エリア内です","お申込みいただけません","お申込みいただけません"
"〒511-0936","桑名市","大字島田","提供エリア内です","提供エリア内です","お申込みいただけません","お申込みいただけません"
"〒511-0937","桑名市","大字志知","提供エリア内です","提供エリア内です","お申込みいただけません","お申込みいただけません"
"〒511-0938","桑名市","大字友村","提供エリア内です","提供エリア内です","お申込みいただけません","お申込みいただけません"
"〒511-0939","桑名市","大字坂井","提供エリア内です","提供エリア内です","お申込みいただけません","お申込みいただけません"
"〒511-0941","桑名市","大字嘉例川","提供エリア内です","提供エリア内です","お申込みいただけません","お申込みいただけません"
"〒511-0942","桑名市","大字五反田広見ケ丘","提供エリア内です","提供エリア内です","お申込みいただけません","お申込みいただけません"
"〒511-0942","桑名市","大字芳ケ崎広見ケ丘","提供エリア内です","提供エリア内です","お申込みいただけません","お申込みいただけません"
"〒511-0942","桑名市","大字森忠広見ケ丘","提供エリア内です","提供エリア内です","お申込みいただけません","お申込みいただけません"
"〒511-0943","桑名市","大字森忠","提供エリア内です","提供エリア内です","お申込みいただけません","お申込みいただけません"
"〒511-0944","桑名市","大字芳ケ崎","提供エリア内です","提供エリア内です","お申込みいただけません","お申込みいただけません"
"〒511-0945","桑名市","大字筑紫","提供エリア内です","提供エリア内です","お申込みいただけません","お申込みいただけません"
"〒511-0946","桑名市","大字五反田","提供エリア内です","提供エリア内です","お申込みいただけません","お申込みいただけません"
"〒512-0901","四日市市","大谷台２丁目","提供エリア内です","提供エリア内です","お申込みいただけません","お申込みいただけません"
"〒512-0901","四日市市","大谷台１丁目","提供エリア内です","提供エリア内です","お申込みいただけません","お申込みいただけません"
"〒512-0902","四日市市","小杉町","提供エリア内です","提供エリア内です","お申込みいただけません","お申込みいただけません"
"〒512-0903","四日市市","小杉新町","提供エリア内です","提供エリア内です","お申込みいただけません","お申込みいただけません"
"〒512-0904","四日市市","東坂部町","提供エリア内です","提供エリア内です","お申込みいただけません","お申込みいただけません"
"〒512-0905","四日市市","坂部が丘５丁目","提供エリア内です","提供エリア内です","お申込みいただけません","お申込みいただけません"
"〒512-0905","四日市市","坂部が丘１丁目","提供エリア内です","提供エリア内です","お申込みいただけません","お申込みいただけません"
"〒512-0905","四日市市","坂部が丘３丁目","提供エリア内です","提供エリア内です","お申込みいただけません","お申込みいただけません"
"〒512-0905","四日市市","坂部が丘２丁目","提供エリア内です","提供エリア内です","お申込みいただけません","お申込みいただけません"
"〒512-0905","四日市市","坂部が丘４丁目","提供エリア内です","提供エリア内です","お申込みいただけません","お申込みいただけません"
"〒512-0907","四日市市","東ケ谷","提供エリア内です","提供エリア内です","お申込みいただけません","お申込みいただけません"
"〒512-0908","四日市市","坂部台１丁目","提供エリア内です","提供エリア内です","お申込みいただけません","お申込みいただけません"
"〒512-0908","四日市市","坂部台２丁目","提供エリア内です","提供エリア内です","お申込みいただけません","お申込みいただけません"
"〒512-0911","四日市市","生桑町","提供エリア内です","提供エリア内です","お申込みいただけません","お申込みいただけません"
"〒512-0912","四日市市","三重９丁目","提供エリア内です","提供エリア内です","お申込みいただけません","お申込みいただけません"
"〒512-0912","四日市市","三重２丁目","提供エリア内です","提供エリア内です","お申込みいただけません","お申込みいただけません"
"〒512-0912","四日市市","三重３丁目","提供エリア内です","提供エリア内です","お申込みいただけません","お申込みいただけません"
"〒512-0912","四日市市","三重４丁目","提供エリア内です","提供エリア内です","お申込みいただけません","お申込みいただけません"
"〒512-0912","四日市市","三重５丁目","提供エリア内です","提供エリア内です","お申込みいただけません","お申込みいただけません"
"〒512-0912","四日市市","三重６丁目","提供エリア内です","提供エリア内です","お申込みいただけません","お申込みいただけません"
"〒512-0912","四日市市","三重７丁目","提供エリア内です","提供エリア内です","お申込みいただけません","お申込みいただけません"
"〒512-0912","四日市市","三重８丁目","提供エリア内です","提供エリア内です","お申込みいただけません","お申込みいただけません"
"〒512-0912","四日市市","三重１丁目","提供エリア内です","提供エリア内です","お申込みいただけません","お申込みいただけません"
"〒512-0914","四日市市","南坂部町","提供エリア内です","提供エリア内です","お申込みいただけません","お申込みいただけません"
"〒512-0931","四日市市","浮橋１丁目","提供エリア内です","提供エリア内です","お申込みいただけません","提供エリア内です"
"〒512-0931","四日市市","浮橋２丁目","提供エリア内です","提供エリア内です","お申込みいただけません","提供エリア内です"
"〒512-0932","四日市市","小生町","提供エリア内です","提供エリア内です","お申込みいただけません","提供エリア内です (要確認)"
"〒512-0933","四日市市","三滝台４丁目","提供エリア内です","提供エリア内です","お申込みいただけません","提供エリア内です"
"〒512-0933","四日市市","三滝台１丁目","提供エリア内です","提供エリア内です","お申込みいただけません","提供エリア内です"
"〒512-0933","四日市市","三滝台２丁目","提供エリア内です","提供エリア内です","お申込みいただけません","提供エリア内です"
"〒512-0933","四日市市","三滝台３丁目","提供エリア内です","提供エリア内です","お申込みいただけません","提供エリア内です"
"〒512-0935","四日市市","川島新町","提供エリア内です","提供エリア内です","お申込みいただけません","提供エリア内です"
"〒512-0936","四日市市","別山２丁目","提供エリア内です","提供エリア内です","お申込みいただけません","提供エリア内です"
"〒512-0936","四日市市","別山３丁目","提供エリア内です","提供エリア内です","お申込みいただけません","提供エリア内です"
"〒512-0936","四日市市","別山４丁目","提供エリア内です","提供エリア内です","お申込みいただけません","提供エリア内です"
"〒512-0936","四日市市","別山１丁目","提供エリア内です","提供エリア内です","お申込みいただけません","提供エリア内です"
"〒512-8041","四日市市","山分町","提供エリア内です","提供エリア内です","お申込みいただけません","お申込みいただけません"
"〒512-8043","四日市市","平津新町","提供エリア内です","提供エリア内です","お申込みいただけません","お申込みいただけません"
"〒512-8061","四日市市","広永町","提供エリア内です","提供エリア内です","お申込みいただけません","お申込みいただけません"
"〒512-8062","四日市市","黄金町","提供エリア内です","提供エリア内です","お申込みいただけません","お申込みいただけません"
"〒512-8063","四日市市","山村町","提供エリア内です","提供エリア内です","お申込みいただけません","お申込みいただけません"
"〒512-8065","四日市市","千代田町","提供エリア内です","提供エリア内です","お申込みいただけません","お申込みいただけません"
"〒512-8066","四日市市","伊坂台２丁目","提供エリア内です","提供エリア内です","お申込みいただけません","お申込みいただけません"
"〒512-8066","四日市市","伊坂台３丁目","提供エリア内です","提供エリア内です","お申込みいただけません","お申込みいただけません"
"〒512-8066","四日市市","伊坂台１丁目","提供エリア内です","提供エリア内です","お申込みいただけません","お申込みいただけません"
"〒513-0000","鈴鹿市","神戸寺家町","提供エリア内です","提供エリア内です","お申込みいただけません","お申込みいただけません"
"〒513-0001","鈴鹿市","広瀬町","提供エリア内です","提供エリア内です","お申込みいただけません","お申込みいただけません"
"〒513-0002","鈴鹿市","津賀町","提供エリア内です","提供エリア内です","お申込みいただけません","お申込みいただけません"
"〒513-0004","鈴鹿市","加佐登１丁目","提供エリア内です","提供エリア内です","お申込みいただけません","お申込みいただけません"
"〒513-0004","鈴鹿市","加佐登２丁目","提供エリア内です","提供エリア内です","お申込みいただけません","お申込みいただけません"
"〒513-0004","鈴鹿市","加佐登３丁目","提供エリア内です","提供エリア内です","お申込みいただけません","お申込みいただけません"
"〒513-0004","鈴鹿市","加佐登４丁目","提供エリア内です","提供エリア内です","お申込みいただけません","お申込みいただけません"
"〒513-0005","鈴鹿市","汲川原町","提供エリア内です","提供エリア内です","お申込みいただけません","お申込みいただけません"
"〒513-0006","鈴鹿市","和泉町","提供エリア内です","提供エリア内です","お申込みいただけません","お申込みいただけません"
"〒513-0007","鈴鹿市","小田町","提供エリア内です","提供エリア内です","お申込みいただけません","お申込みいただけません"
"〒513-0008","鈴鹿市","西冨田町","提供エリア内です","提供エリア内です","お申込みいただけません","お申込みいただけません"
"〒513-0009","鈴鹿市","中冨田町","提供エリア内です","提供エリア内です","お申込みいただけません","お申込みいただけません"
"〒513-0010","鈴鹿市","釆女が丘町","提供エリア内です","提供エリア内です","お申込みいただけません","提供エリア内です"
"〒513-0019","鈴鹿市","高岡台１丁目","提供エリア内です","提供エリア内です","お申込みいただけません","提供エリア内です"
"〒513-0019","鈴鹿市","高岡台２丁目","提供エリア内です","提供エリア内です","お申込みいただけません","提供エリア内です"
"〒513-0019","鈴鹿市","高岡台３丁目","提供エリア内です","提供エリア内です","お申込みいただけません","提供エリア内です"
"〒513-0019","鈴鹿市","高岡台４丁目","提供エリア内です","提供エリア内です","お申込みいただけません","提供エリア内です"
"〒513-0019","鈴鹿市","高岡台５丁目","提供エリア内です","提供エリア内です","お申込みいただけません","提供エリア内です"
"〒513-0021","鈴鹿市","甲斐町","提供エリア内です","提供エリア内です","お申込みいただけません","お申込みいただけません"
"〒513-0022","鈴鹿市","野辺町","提供エリア内です","提供エリア内です","お申込みいただけません","お申込みいただけません"
"〒513-0024","鈴鹿市","野辺２丁目","提供エリア内です","提供エリア内です","お申込みいただけません","お申込みいただけません"
"〒513-0024","鈴鹿市","野辺１丁目","提供エリア内です","提供エリア内です","お申込みいただけません","お申込みいただけません"
"〒513-0025","鈴鹿市","竹野１丁目","提供エリア内です","提供エリア内です","お申込みいただけません","お申込みいただけません"
"〒513-0025","鈴鹿市","竹野２丁目","提供エリア内です","提供エリア内です","お申込みいただけません","お申込みいただけません"
"〒513-0026","鈴鹿市","竹野町","提供エリア内です","提供エリア内です","お申込みいただけません","お申込みいただけません"
"〒513-0027","鈴鹿市","岡田１丁目","提供エリア内です","提供エリア内です","お申込みいただけません","お申込みいただけません"
"〒513-0027","鈴鹿市","岡田２丁目","提供エリア内です","提供エリア内です","お申込みいただけません","お申込みいただけません"
"〒513-0027","鈴鹿市","岡田３丁目","提供エリア内です","提供エリア内です","お申込みいただけません","お申込みいただけません"
"〒513-0028","鈴鹿市","岡田町","提供エリア内です","提供エリア内です","お申込みいただけません","お申込みいただけません"
"〒513-0031","鈴鹿市","一ノ宮町","提供エリア内です","提供エリア内です","お申込みいただけません","お申込みいただけません"
"〒513-0032","鈴鹿市","池田町","提供エリア内です","提供エリア内です","お申込みいただけません","お申込みいただけません"
"〒513-0033","鈴鹿市","須賀町","提供エリア内です","提供エリア内です","お申込みいただけません","お申込みいただけません"
"〒513-0034","鈴鹿市","須賀２丁目","提供エリア内です","提供エリア内です","お申込みいただけません","お申込みいただけません"
"〒513-0034","鈴鹿市","須賀１丁目","提供エリア内です","提供エリア内です","お申込みいただけません","お申込みいただけません"
"〒513-0034","鈴鹿市","須賀３丁目","提供エリア内です","提供エリア内です","お申込みいただけません","お申込みいただけません"
"〒513-0035","鈴鹿市","矢橋町","提供エリア内です","提供エリア内です","お申込みいただけません","お申込みいただけません"
"〒513-0036","鈴鹿市","矢橋３丁目","提供エリア内です","提供エリア内です","お申込みいただけません","お申込みいただけません"
"〒513-0036","鈴鹿市","矢橋２丁目","提供エリア内です","提供エリア内です","お申込みいただけません","お申込みいただけません"
"〒513-0036","鈴鹿市","矢橋１丁目","提供エリア内です","提供エリア内です","お申込みいただけません","お申込みいただけません"
"〒513-0037","鈴鹿市","十宮２丁目","提供エリア内です","提供エリア内です","お申込みいただけません","お申込みいただけません"
"〒513-0037","鈴鹿市","十宮４丁目","提供エリア内です","提供エリア内です","お申込みいただけません","お申込みいただけません"
"〒513-0037","鈴鹿市","十宮３丁目","提供エリア内です","提供エリア内です","お申込みいただけません","お申込みいただけません"
"〒513-0037","鈴鹿市","十宮１丁目","提供エリア内です","提供エリア内です","お申込みいただけません","お申込みいただけません"
"〒513-0038","鈴鹿市","十宮町","提供エリア内です","提供エリア内です","お申込みいただけません","お申込みいただけません"
"〒513-0056","鈴鹿市","上箕田２丁目","提供エリア内です","提供エリア内です","お申込みいただけません","お申込みいただけません"
"〒513-0056","鈴鹿市","上箕田１丁目","提供エリア内です","提供エリア内です","お申込みいただけません","お申込みいただけません"
"〒513-0057","鈴鹿市","南林崎町","提供エリア内です","提供エリア内です","お申込みいただけません","お申込みいただけません"
"〒513-0058","鈴鹿市","林崎１丁目","提供エリア内です","提供エリア内です","お申込みいただけません","お申込みいただけません"
"〒513-0058","鈴鹿市","林崎２丁目","提供エリア内です","提供エリア内です","お申込みいただけません","お申込みいただけません"
"〒513-0059","鈴鹿市","林崎町","提供エリア内です","提供エリア内です","お申込みいただけません","お申込みいただけません"
"〒513-0801","鈴鹿市","神戸４丁目","提供エリア内です","提供エリア内です","お申込みいただけません","お申込みいただけません"
"〒513-0801","鈴鹿市","神戸１丁目","提供エリア内です","提供エリア内です","お申込みいただけません","お申込みいただけません"
"〒513-0801","鈴鹿市","神戸地子町","提供エリア内です","提供エリア内です","お申込みいただけません","お申込みいただけません"
"〒513-0801","鈴鹿市","神戸９丁目","提供エリア内です","提供エリア内です","お申込みいただけません","お申込みいただけません"
"〒513-0801","鈴鹿市","神戸８丁目","提供エリア内です","提供エリア内です","お申込みいただけません","お申込みいただけません"
"〒513-0801","鈴鹿市","神戸７丁目","提供エリア内です","提供エリア内です","お申込みいただけません","お申込みいただけません"
"〒513-0801","鈴鹿市","神戸本多町","提供エリア内です","提供エリア内です","お申込みいただけません","お申込みいただけません"
"〒513-0801","鈴鹿市","神戸３丁目","提供エリア内です","提供エリア内です","お申込みいただけません","お申込みいただけません"
"〒513-0801","鈴鹿市","神戸６丁目","提供エリア内です","提供エリア内です","お申込みいただけません","お申込みいただけません"
"〒513-0801","鈴鹿市","神戸５丁目","提供エリア内です","提供エリア内です","お申込みいただけません","お申込みいただけません"
"〒513-0801","鈴鹿市","神戸２丁目","提供エリア内です","提供エリア内です","お申込みいただけません","お申込みいただけません"
"〒513-0802","鈴鹿市","飯野寺家町","提供エリア内です","提供エリア内です","お申込みいただけません","お申込みいただけません"
"〒513-0803","鈴鹿市","三日市町","提供エリア内です","提供エリア内です","お申込みいただけません","お申込みいただけません"
"〒513-0804","鈴鹿市","三日市南１丁目","提供エリア内です","提供エリア内です","お申込みいただけません","お申込みいただけません"
"〒513-0804","鈴鹿市","三日市南２丁目","提供エリア内です","提供エリア内です","お申込みいただけません","お申込みいただけません"
"〒513-0804","鈴鹿市","三日市南３丁目","提供エリア内です","提供エリア内です","お申込みいただけません","お申込みいただけません"
"〒513-0805","鈴鹿市","算所町","提供エリア内です","提供エリア内です","お申込みいただけません","お申込みいただけません"
"〒513-0806","鈴鹿市","算所５丁目","提供エリア内です","提供エリア内です","お申込みいただけません","お申込みいただけません"
"〒513-0806","鈴鹿市","算所４丁目","提供エリア内です","提供エリア内です","お申込みいただけません","お申込みいただけません"
"〒513-0806","鈴鹿市","算所３丁目","提供エリア内です","提供エリア内です","お申込みいただけません","お申込みいただけません"
"〒513-0806","鈴鹿市","算所２丁目","提供エリア内です","提供エリア内です","お申込みいただけません","お申込みいただけません"
"〒513-0806","鈴鹿市","算所１丁目","提供エリア内です","提供エリア内です","お申込みいただけません","お申込みいただけません"
"〒513-0807","鈴鹿市","三日市１丁目","提供エリア内です","提供エリア内です","お申込みいただけません","お申込みいただけません"
"〒513-0807","鈴鹿市","三日市３丁目","提供エリア内です","提供エリア内です","お申込みいただけません","お申込みいただけません"
"〒513-0807","鈴鹿市","三日市２丁目","提供エリア内です","提供エリア内です","お申込みいただけません","お申込みいただけません"
"〒513-0808","鈴鹿市","西條町","提供エリア内です","提供エリア内です","お申込みいただけません","お申込みいただけません"
"〒513-0809","鈴鹿市","西条１丁目","提供エリア内です","提供エリア内です","お申込みいただけません","お申込みいただけません"
"〒513-0809","鈴鹿市","西条２丁目","提供エリア内です","提供エリア内です","お申込みいただけません","お申込みいただけません"
"〒513-0809","鈴鹿市","西条３丁目","提供エリア内です","提供エリア内です","お申込みいただけません","お申込みいただけません"
"〒513-0809","鈴鹿市","西条４丁目","提供エリア内です","提供エリア内です","お申込みいただけません","お申込みいただけません"
"〒513-0809","鈴鹿市","西条５丁目","提供エリア内です","提供エリア内です","お申込みいただけません","お申込みいただけません"
"〒513-0809","鈴鹿市","西条６丁目","提供エリア内です","提供エリア内です","お申込みいただけません","お申込みいただけません"
"〒513-0809","鈴鹿市","西条７丁目","提供エリア内です","提供エリア内です","お申込みいただけません","お申込みいただけません"
"〒513-0809","鈴鹿市","西条８丁目","提供エリア内です","提供エリア内です","お申込みいただけません","お申込みいただけません"
"〒513-0809","鈴鹿市","西条９丁目","提供エリア内です","提供エリア内です","お申込みいただけません","お申込みいただけません"
"〒513-0811","鈴鹿市","柳町","提供エリア内です","提供エリア内です","お申込みいただけません","お申込みいただけません"
"〒513-0813","鈴鹿市","北玉垣町","提供エリア内です","提供エリア内です","お申込みいただけません","お申込みいただけません"
"〒513-0814","鈴鹿市","東玉垣町","提供エリア内です","提供エリア内です","お申込みいただけません","お申込みいただけません"
"〒513-0815","鈴鹿市","西玉垣町","提供エリア内です","提供エリア内です","お申込みいただけません","お申込みいただけません"
"〒513-0816","鈴鹿市","南玉垣町","提供エリア内です","提供エリア内です","お申込みいただけません","お申込みいただけません"
"〒513-0817","鈴鹿市","桜島町６丁目","提供エリア内です","提供エリア内です","お申込みいただけません","お申込みいただけません"
"〒513-0817","鈴鹿市","桜島町５丁目","提供エリア内です","提供エリア内です","お申込みいただけません","お申込みいただけません"
"〒513-0817","鈴鹿市","桜島町４丁目","提供エリア内です","提供エリア内です","お申込みいただけません","お申込みいただけません"
"〒513-0817","鈴鹿市","桜島町３丁目","提供エリア内です","提供エリア内です","お申込みいただけません","お申込みいただけません"
"〒513-0817","鈴鹿市","桜島町２丁目","提供エリア内です","提供エリア内です","お申込みいただけません","お申込みいただけません"
"〒513-0817","鈴鹿市","桜島町１丁目","提供エリア内です","提供エリア内です","お申込みいただけません","お申込みいただけません"
"〒513-0817","鈴鹿市","桜島町７丁目","提供エリア内です","提供エリア内です","お申込みいただけません","お申込みいただけません"
"〒513-0818","鈴鹿市","安塚町","提供エリア内です","提供エリア内です","お申込みいただけません","お申込みいただけません"
"〒513-0819","鈴鹿市","肥田町","提供エリア内です","提供エリア内です","お申込みいただけません","お申込みいただけません"
"〒513-0821","鈴鹿市","地子町","提供エリア内です","提供エリア内です","お申込みいただけません","お申込みいただけません"
"〒513-0822","鈴鹿市","末広町","提供エリア内です","提供エリア内です","お申込みいただけません","お申込みいただけません"
"〒513-0823","鈴鹿市","道伯１丁目","提供エリア内です","提供エリア内です","お申込みいただけません","お申込みいただけません"
"〒513-0823","鈴鹿市","道伯５丁目","提供エリア内です","提供エリア内です","お申込みいただけません","お申込みいただけません"
"〒513-0823","鈴鹿市","道伯２丁目","提供エリア内です","提供エリア内です","お申込みいただけません","お申込みいただけません"
"〒513-0823","鈴鹿市","道伯３丁目","提供エリア内です","提供エリア内です","お申込みいただけません","お申込みいただけません"
"〒513-0823","鈴鹿市","道伯４丁目","提供エリア内です","提供エリア内です","お申込みいただけません","お申込みいただけません"
"〒513-0824","鈴鹿市","道伯町","提供エリア内です","提供エリア内です","お申込みいただけません","お申込みいただけません"
"〒513-0825","鈴鹿市","住吉町","提供エリア内です","提供エリア内です","お申込みいただけません","お申込みいただけません"
"〒513-0826","鈴鹿市","住吉１丁目","提供エリア内です","提供エリア内です","お申込みいただけません","お申込みいただけません"
"〒513-0826","鈴鹿市","住吉２丁目","提供エリア内です","提供エリア内です","お申込みいただけません","お申込みいただけません"
"〒513-0826","鈴鹿市","住吉３丁目","提供エリア内です","提供エリア内です","お申込みいただけません","お申込みいただけません"
"〒513-0826","鈴鹿市","住吉４丁目","提供エリア内です","提供エリア内です","お申込みいただけません","お申込みいただけません"
"〒513-0826","鈴鹿市","住吉５丁目","提供エリア内です","提供エリア内です","お申込みいただけません","お申込みいただけません"
"〒513-0827","鈴鹿市","大池３丁目","提供エリア内です","提供エリア内です","お申込みいただけません","お申込みいただけません"
"〒513-0827","鈴鹿市","大池２丁目","提供エリア内です","提供エリア内です","お申込みいただけません","お申込みいただけません"
"〒513-0827","鈴鹿市","大池１丁目","提供エリア内です","提供エリア内です","お申込みいただけません","お申込みいただけません"
"〒513-0828","鈴鹿市","阿古曽町","提供エリア内です","提供エリア内です","お申込みいただけません","お申込みいただけません"
"〒513-0831","鈴鹿市","庄野町","提供エリア内です","提供エリア内です","お申込みいただけません","お申込みいただけません"
"〒513-0832","鈴鹿市","庄野東３丁目","提供エリア内です","提供エリア内です","お申込みいただけません","お申込みいただけません"
"〒513-0832","鈴鹿市","庄野東２丁目","提供エリア内です","提供エリア内です","お申込みいただけません","お申込みいただけません"
"〒513-0832","鈴鹿市","庄野東１丁目","提供エリア内です","提供エリア内です","お申込みいただけません","お申込みいただけません"
"〒513-0833","鈴鹿市","庄野共進３丁目","提供エリア内です","提供エリア内です","お申込みいただけません","お申込みいただけません"
"〒513-0833","鈴鹿市","庄野共進２丁目","提供エリア内です","提供エリア内です","お申込みいただけません","お申込みいただけません"
"〒513-0833","鈴鹿市","庄野共進１丁目","提供エリア内です","提供エリア内です","お申込みいただけません","お申込みいただけません"
"〒513-0834","鈴鹿市","庄野羽山４丁目","提供エリア内です","提供エリア内です","お申込みいただけません","お申込みいただけません"
"〒513-0834","鈴鹿市","庄野羽山３丁目","提供エリア内です","提供エリア内です","お申込みいただけません","お申込みいただけません"
"〒513-0834","鈴鹿市","庄野羽山２丁目","提供エリア内です","提供エリア内です","お申込みいただけません","お申込みいただけません"
"〒513-0834","鈴鹿市","庄野羽山１丁目","提供エリア内です","提供エリア内です","お申込みいただけません","お申込みいただけません"
"〒513-0835","鈴鹿市","平野町","提供エリア内です","提供エリア内です","お申込みいただけません","お申込みいただけません"
"〒513-0836","鈴鹿市","国府町","提供エリア内です","提供エリア内です","お申込みいただけません","お申込みいただけません"
"〒513-0837","鈴鹿市","八野町","提供エリア内です","提供エリア内です","お申込みいただけません","お申込みいただけません"
"〒513-0841","鈴鹿市","弓削町","提供エリア内です","提供エリア内です","お申込みいただけません","お申込みいただけません"
"〒513-0842","鈴鹿市","弓削１丁目","提供エリア内です","提供エリア内です","お申込みいただけません","お申込みいただけません"
"〒513-0842","鈴鹿市","弓削２丁目","提供エリア内です","提供エリア内です","お申込みいただけません","お申込みいただけません"
"〒513-0843","鈴鹿市","平田東町","提供エリア内です","提供エリア内です","お申込みいただけません","お申込みいただけません"
"〒513-0844","鈴鹿市","平田２丁目","提供エリア内です","提供エリア内です","お申込みいただけません","お申込みいただけません"
"〒513-0844","鈴鹿市","平田１丁目","提供エリア内です","提供エリア内です","お申込みいただけません","お申込みいただけません"
"〒513-0845","鈴鹿市","平田新町","提供エリア内です","提供エリア内です","お申込みいただけません","お申込みいただけません"
"〒513-0846","鈴鹿市","平田中町","提供エリア内です","提供エリア内です","お申込みいただけません","お申込みいただけません"
"〒513-0847","鈴鹿市","平田町","提供エリア内です","提供エリア内です","お申込みいただけません","お申込みいただけません"
"〒513-0848","鈴鹿市","平田本町２丁目","提供エリア内です","提供エリア内です","お申込みいただけません","お申込みいただけません"
"〒513-0848","鈴鹿市","平田本町１丁目","提供エリア内です","提供エリア内です","お申込みいただけません","お申込みいただけません"
"〒513-0851","鈴鹿市","末広東","提供エリア内です","提供エリア内です","お申込みいただけません","お申込みいただけません"
"〒513-0852","鈴鹿市","末広西","提供エリア内です","提供エリア内です","お申込みいただけません","お申込みいただけません"
"〒513-0853","鈴鹿市","末広南３丁目","提供エリア内です","提供エリア内です","お申込みいただけません","お申込みいただけません"
"〒513-0853","鈴鹿市","末広南２丁目","提供エリア内です","提供エリア内です","お申込みいただけません","お申込みいただけません"
"〒513-0853","鈴鹿市","末広南１丁目","提供エリア内です","提供エリア内です","お申込みいただけません","お申込みいただけません"
"〒513-0854","鈴鹿市","末広北３丁目","提供エリア内です","提供エリア内です","お申込みいただけません","お申込みいただけません"
"〒513-0854","鈴鹿市","末広北１丁目","提供エリア内です","提供エリア内です","お申込みいただけません","お申込みいただけません"
"〒513-0854","鈴鹿市","末広北２丁目","提供エリア内です","提供エリア内です","お申込みいただけません","お申込みいただけません"
"〒513-0855","鈴鹿市","石垣２丁目","提供エリア内です","提供エリア内です","お申込みいただけません","お申込みいただけません"
"〒513-0855","鈴鹿市","石垣３丁目","提供エリア内です","提供エリア内です","お申込みいただけません","お申込みいただけません"
"〒513-0855","鈴鹿市","石垣１丁目","提供エリア内です","提供エリア内です","お申込みいただけません","お申込みいただけません"
"〒514-0002","津市","島崎町","提供エリア内です","提供エリア内です","お申込みいただけません","お申込みいただけません"
"〒514-0003","津市","桜橋３丁目","提供エリア内です","提供エリア内です","お申込みいただけません","お申込みいただけません"
"〒514-0003","津市","桜橋２丁目","提供エリア内です","提供エリア内です","お申込みいただけません","お申込みいただけません"
"〒514-0003","津市","桜橋１丁目","提供エリア内です","提供エリア内です","お申込みいただけません","お申込みいただけません"
"〒514-0004","津市","栄町４丁目","提供エリア内です","提供エリア内です","お申込みいただけません","お申込みいただけません"
"〒514-0004","津市","栄町１丁目","提供エリア内です","提供エリア内です","お申込みいただけません","お申込みいただけません"
"〒514-0004","津市","栄町２丁目","提供エリア内です","提供エリア内です","お申込みいただけません","お申込みいただけません"
"〒514-0004","津市","栄町３丁目","提供エリア内です","提供エリア内です","お申込みいただけません","お申込みいただけません"
"〒514-0005","津市","鳥居町","提供エリア内です","提供エリア内です","お申込みいただけません","お申込みいただけません"
"〒514-0006","津市","広明町","提供エリア内です","提供エリア内です","お申込みいただけません","お申込みいただけません"
"〒514-0007","津市","大谷町","提供エリア内です","提供エリア内です","お申込みいただけません","お申込みいただけません"
"〒514-0008","津市","上浜町１丁目","提供エリア内です","提供エリア内です","お申込みいただけません","お申込みいただけません"
"〒514-0008","津市","上浜町２丁目","提供エリア内です","提供エリア内です","お申込みいただけません","お申込みいただけません"
"〒514-0008","津市","上浜町４丁目","提供エリア内です","提供エリア内です","お申込みいただけません","お申込みいただけません"
"〒514-0008","津市","上浜町６丁目","提供エリア内です","提供エリア内です","お申込みいただけません","お申込みいただけません"
"〒514-0008","津市","上浜町３丁目","提供エリア内です","提供エリア内です","お申込みいただけません","お申込みいただけません"
"〒514-0009","津市","羽所町","提供エリア内です","提供エリア内です","お申込みいただけません","お申込みいただけません"
"〒514-0010","津市","なぎさまち","提供エリア内です","提供エリア内です","お申込みいただけません","お申込みいただけません"
"〒514-0011","津市","高洲町","提供エリア内です","提供エリア内です","お申込みいただけません","お申込みいただけません"
"〒514-0012","津市","末広町","提供エリア内です","提供エリア内です","お申込みいただけません","お申込みいただけません"
"〒514-0013","津市","海岸町","提供エリア内です","提供エリア内です","お申込みいただけません","お申込みいただけません"
"〒514-0014","津市","港町","提供エリア内です","提供エリア内です","お申込みいただけません","お申込みいただけません"
"〒514-0015","津市","寿町","提供エリア内です","提供エリア内です","お申込みいただけません","お申込みいただけません"
"〒514-0016","津市","乙部","提供エリア内です","提供エリア内です","お申込みいただけません","お申込みいただけません"
"〒514-0017","津市","相生町","提供エリア内です","提供エリア内です","お申込みいただけません","お申込みいただけません"
"〒514-0018","津市","中河原","提供エリア内です","提供エリア内です","お申込みいただけません","お申込みいただけません"
"〒514-0019","津市","住吉町","提供エリア内です","提供エリア内です","お申込みいただけません","お申込みいただけません"
"〒514-0021","津市","万町津","提供エリア内です","提供エリア内です","お申込みいただけません","お申込みいただけません"
"〒514-0022","津市","愛宕町","提供エリア内です","提供エリア内です","お申込みいただけません","お申込みいただけません"
"〒514-0023","津市","北町津","提供エリア内です","提供エリア内です","お申込みいただけません","お申込みいただけません"
"〒514-0024","津市","新立町津","提供エリア内です","提供エリア内です","お申込みいただけません","お申込みいただけません"
"〒514-0025","津市","東町津","提供エリア内です","提供エリア内です","お申込みいただけません","お申込みいただけません"
"〒514-0026","津市","新東町塔世","提供エリア内です","提供エリア内です","お申込みいただけません","お申込みいただけません"
"〒514-0027","津市","大門","提供エリア内です","提供エリア内です","お申込みいただけません","お申込みいただけません"
"〒514-0028","津市","東丸之内","提供エリア内です","提供エリア内です","お申込みいただけません","お申込みいただけません"
"〒514-0031","津市","北丸之内","提供エリア内です","提供エリア内です","お申込みいただけません","お申込みいただけません"
"〒514-0032","津市","中央","提供エリア内です","提供エリア内です","お申込みいただけません","お申込みいただけません"
"〒514-0033","津市","丸之内","提供エリア内です","提供エリア内です","お申込みいただけません","お申込みいただけません"
"〒514-0034","津市","南丸之内","提供エリア内です","提供エリア内です","お申込みいただけません","お申込みいただけません"
"〒514-0035","津市","西丸之内","提供エリア内です","提供エリア内です","お申込みいただけません","お申込みいただけません"
"〒514-0036","津市","丸之内養正町","提供エリア内です","提供エリア内です","お申込みいただけません","お申込みいただけません"
"〒514-0037","津市","東古河町","提供エリア内です","提供エリア内です","お申込みいただけません","お申込みいただけません"
"〒514-0038","津市","西古河町","提供エリア内です","提供エリア内です","お申込みいただけません","お申込みいただけません"
"〒514-0039","津市","押加部町","提供エリア内です","提供エリア内です","お申込みいただけません","お申込みいただけません"
"〒514-0041","津市","八町１丁目","提供エリア内です","提供エリア内です","お申込みいただけません","お申込みいただけません"
"〒514-0041","津市","八町２丁目","提供エリア内です","提供エリア内です","お申込みいただけません","お申込みいただけません"
"〒514-0041","津市","八町３丁目","提供エリア内です","提供エリア内です","お申込みいただけません","お申込みいただけません"
"〒514-0042","津市","新町２丁目","提供エリア内です","提供エリア内です","お申込みいただけません","お申込みいただけません"
"〒514-0042","津市","新町１丁目","提供エリア内です","提供エリア内です","お申込みいただけません","お申込みいただけません"
"〒514-0042","津市","新町３丁目","提供エリア内です","提供エリア内です","お申込みいただけません","お申込みいただけません"
"〒514-0043","津市","南新町","提供エリア内です","提供エリア内です","お申込みいただけません","お申込みいただけません"
"〒514-0044","津市","川添町","提供エリア内です","提供エリア内です","お申込みいただけません","お申込みいただけません"
"〒514-0045","津市","美川町","提供エリア内です","提供エリア内です","お申込みいただけません","お申込みいただけません"
"〒514-0046","津市","大園町","提供エリア内です","提供エリア内です","お申込みいただけません","お申込みいただけません"
"〒514-0047","津市","桜田町","提供エリア内です","提供エリア内です","お申込みいただけません","お申込みいただけません"
"〒514-0051","津市","納所町","提供エリア内です","提供エリア内です","お申込みいただけません","お申込みいただけません"
"〒514-0052","津市","神納町","提供エリア内です","提供エリア内です","お申込みいただけません","お申込みいただけません"
"〒514-0053","津市","博多町","提供エリア内です","提供エリア内です","お申込みいただけません","お申込みいただけません"
"〒514-0054","津市","神納","提供エリア内です","提供エリア内です","お申込みいただけません","お申込みいただけません"
"〒514-0055","津市","南河路","提供エリア内です","提供エリア内です","お申込みいただけません","お申込みいただけません"
"〒514-0056","津市","北河路町","提供エリア内です","提供エリア内です","お申込みいただけません","お申込みいただけません"
"〒514-0062","津市","観音寺町","提供エリア内です","提供エリア内です","お申込みいただけません","お申込みいただけません"
"〒514-0063","津市","渋見町","提供エリア内です","提供エリア内です","お申込みいただけません","お申込みいただけません"
"〒514-0065","津市","河辺町","提供エリア内です","提供エリア内です","お申込みいただけません","お申込みいただけません"
"〒514-0801","津市","船頭町津興","提供エリア内です","提供エリア内です","お申込みいただけません","お申込みいただけません"
"〒514-0802","津市","三重町津興","提供エリア内です","提供エリア内です","お申込みいただけません","お申込みいただけません"
"〒514-0803","津市","柳山津興","提供エリア内です","提供エリア内です","お申込みいただけません","お申込みいただけません"
"〒514-0804","津市","上弁財町津興","提供エリア内です","提供エリア内です","お申込みいただけません","お申込みいただけません"
"〒514-0805","津市","下弁財町津興","提供エリア内です","提供エリア内です","お申込みいただけません","お申込みいただけません"
"〒514-0806","津市","上弁財町","提供エリア内です","提供エリア内です","お申込みいただけません","お申込みいただけません"
"〒514-0811","津市","阿漕町津興","提供エリア内です","提供エリア内です","お申込みいただけません","お申込みいただけません"
"〒514-0812","津市","津興","提供エリア内です","提供エリア内です","お申込みいただけません","お申込みいただけません"
"〒514-0813","津市","八幡町津","提供エリア内です","提供エリア内です","お申込みいただけません","お申込みいただけません"
"〒514-0813","津市","八幡町藤方","提供エリア内です","提供エリア内です","お申込みいただけません","お申込みいただけません"
"〒514-0814","津市","藤枝町","提供エリア内です","提供エリア内です","お申込みいただけません","お申込みいただけません"
"〒514-0822","津市","南が丘４丁目","提供エリア内です","提供エリア内です","お申込みいただけません","お申込みいただけません"
"〒514-0822","津市","南が丘３丁目","提供エリア内です","提供エリア内です","お申込みいただけません","お申込みいただけません"
"〒514-0822","津市","南が丘１丁目","提供エリア内です","提供エリア内です","お申込みいただけません","お申込みいただけません"
"〒514-0822","津市","南が丘２丁目","提供エリア内です","提供エリア内です","お申込みいただけません","お申込みいただけません"
"〒514-0823","津市","半田","提供エリア内です","提供エリア内です","お申込みいただけません","お申込みいただけません"
"〒514-0831","津市","本町","提供エリア内です","提供エリア内です","お申込みいただけません","お申込みいただけません"
"〒514-0832","津市","南中央","提供エリア内です","提供エリア内です","お申込みいただけません","お申込みいただけません"
"〒514-0833","津市","西阿漕町岩田","提供エリア内です","提供エリア内です","お申込みいただけません","お申込みいただけません"
"〒514-0834","津市","大倉","提供エリア内です","提供エリア内です","お申込みいただけません","お申込みいただけません"
"〒514-0835","津市","幸町","提供エリア内です","提供エリア内です","お申込みいただけません","お申込みいただけません"
"〒514-0836","津市","野崎垣内岩田","提供エリア内です","提供エリア内です","お申込みいただけません","お申込みいただけません"
"〒514-0837","津市","修成町","提供エリア内です","提供エリア内です","お申込みいただけません","お申込みいただけません"
"〒514-0838","津市","岩田","提供エリア内です","提供エリア内です","お申込みいただけません","お申込みいただけません"
"〒515-0017","松阪市","京町","提供エリア内です","提供エリア内です","お申込みいただけません","お申込みいただけません"
"〒515-0032","松阪市","田原町","提供エリア内です","提供エリア内です","お申込みいただけません","お申込みいただけません"
"〒515-0034","松阪市","南町","提供エリア内です","提供エリア内です","お申込みいただけません","お申込みいただけません"
"〒515-0035","松阪市","長月町","提供エリア内です","提供エリア内です","お申込みいただけません","お申込みいただけません"
"〒515-0036","松阪市","平生町","提供エリア内です","提供エリア内です","お申込みいただけません","お申込みいただけません"
"〒515-0037","松阪市","愛宕町１丁目","提供エリア内です","提供エリア内です","お申込みいただけません","お申込みいただけません"
"〒515-0037","松阪市","愛宕町４丁目","提供エリア内です","提供エリア内です","お申込みいただけません","お申込みいただけません"
"〒515-0037","松阪市","愛宕町３丁目","提供エリア内です","提供エリア内です","お申込みいただけません","お申込みいただけません"
"〒515-0037","松阪市","愛宕町２丁目","提供エリア内です","提供エリア内です","お申込みいただけません","お申込みいただけません"
"〒515-0037","松阪市","愛宕町","提供エリア内です","提供エリア内です","お申込みいただけません","お申込みいただけません"
"〒515-0038","松阪市","挽木町","提供エリア内です","提供エリア内です","お申込みいただけません","お申込みいただけません"
"〒515-0045","松阪市","駅部田町","提供エリア内です","提供エリア内です","お申込みいただけません","お申込みいただけません"
"〒515-0051","松阪市","光町","提供エリア内です","提供エリア内です","お申込みいただけません","お申込みいただけません"
"〒515-0055","松阪市","田村町","提供エリア内です","提供エリア内です","お申込みいただけません","お申込みいただけません"
"〒515-0056","松阪市","宝塚町","提供エリア内です","提供エリア内です","お申込みいただけません","お申込みいただけません"
"〒515-0057","松阪市","御殿山町","提供エリア内です","提供エリア内です","お申込みいただけません","お申込みいただけません"
"〒515-0061","松阪市","黒田町","提供エリア内です","提供エリア内です","お申込みいただけません","お申込みいただけません"
"〒515-0062","松阪市","小黒田町","提供エリア内です","提供エリア内です","お申込みいただけません","お申込みいただけません"
"〒515-0063","松阪市","大黒田町","提供エリア内です","提供エリア内です","お申込みいただけません","お申込みいただけません"
"〒515-0064","松阪市","五反田町５丁目","提供エリア内です","提供エリア内です","お申込みいただけません","お申込みいただけません"
"〒515-0064","松阪市","五反田町３丁目","提供エリア内です","提供エリア内です","お申込みいただけません","お申込みいただけません"
"〒515-0064","松阪市","五反田町４丁目","提供エリア内です","提供エリア内です","お申込みいただけません","お申込みいただけません"
"〒515-0064","松阪市","五反田町２丁目","提供エリア内です","提供エリア内です","お申込みいただけません","お申込みいただけません"
"〒515-0064","松阪市","五反田町１丁目","提供エリア内です","提供エリア内です","お申込みいただけません","お申込みいただけません"
"〒515-0065","松阪市","五月町","提供エリア内です","提供エリア内です","お申込みいただけません","お申込みいただけません"
"〒515-0066","松阪市","泉町","提供エリア内です","提供エリア内です","お申込みいただけません","お申込みいただけません"
"〒515-0071","松阪市","桜町","提供エリア内です","提供エリア内です","お申込みいただけません","お申込みいただけません"
"〒515-0072","松阪市","内五曲町","提供エリア内です","提供エリア内です","お申込みいただけません","お申込みいただけません"
"〒515-0073","松阪市","殿町","提供エリア内です","提供エリア内です","お申込みいただけません","お申込みいただけません"
"〒515-0074","松阪市","新座町","提供エリア内です","提供エリア内です","お申込みいただけません","お申込みいただけません"
"〒515-0075","松阪市","新町","提供エリア内です","提供エリア内です","お申込みいただけません","お申込みいただけません"
"〒515-0076","松阪市","白粉町","提供エリア内です","提供エリア内です","お申込みいただけません","お申込みいただけません"
"〒515-0077","松阪市","茶与町","提供エリア内です","提供エリア内です","お申込みいただけません","お申込みいただけません"
"〒515-0078","松阪市","春日町１丁目","提供エリア内です","提供エリア内です","お申込みいただけません","お申込みいただけません"
"〒515-0078","松阪市","春日町２丁目","提供エリア内です","提供エリア内です","お申込みいただけません","お申込みいただけません"
"〒515-0078","松阪市","春日町３丁目","提供エリア内です","提供エリア内です","お申込みいただけません","お申込みいただけません"
"〒515-0082","松阪市","魚町","提供エリア内です","提供エリア内です","お申込みいただけません","お申込みいただけません"
"〒515-0083","松阪市","中町","提供エリア内です","提供エリア内です","お申込みいただけません","お申込みいただけません"
"〒515-0083","松阪市","中町６丁目","提供エリア内です","提供エリア内です","お申込みいただけません","お申込みいただけません"
"〒515-0084","松阪市","日野町","提供エリア内です","提供エリア内です","お申込みいただけません","お申込みいただけません"
"〒515-0085","松阪市","湊町","提供エリア内です","提供エリア内です","お申込みいただけません","お申込みいただけません"
"〒515-0086","松阪市","五十鈴町","提供エリア内です","提供エリア内です","お申込みいただけません","お申込みいただけません"
"〒515-0816","松阪市","西之庄町","提供エリア内です","提供エリア内です","お申込みいただけません","お申込みいただけません"
"〒515-0817","松阪市","井村町","提供エリア内です","提供エリア内です","お申込みいただけません","お申込みいただけません"
"〒515-0821","松阪市","外五曲町","提供エリア内です","提供エリア内です","お申込みいただけません","お申込みいただけません"
"〒515-0822","松阪市","大足町","提供エリア内です","提供エリア内です","お申込みいただけません","お申込みいただけません"
"〒515-0823","松阪市","阿形町","提供エリア内です","提供エリア内です","お申込みいただけません","お申込みいただけません"
"〒515-0825","松阪市","藤之木町","提供エリア内です","提供エリア内です","お申込みいただけません","お申込みいただけません"
"〒515-0831","松阪市","岡本町","提供エリア内です","提供エリア内です","お申込みいただけません","お申込みいただけません"
"〒515-0841","松阪市","曲町","提供エリア内です","提供エリア内です","お申込みいただけません","お申込みいただけません"
"〒515-0842","松阪市","田牧町","提供エリア内です","提供エリア内です","お申込みいただけません","お申込みいただけません"
"〒515-0843","松阪市","殿村町","提供エリア内です","提供エリア内です","お申込みいただけません","お申込みいただけません"
"〒516-0000","伊勢市","岡本町","提供エリア内です","提供エリア内です","お申込みいただけません","お申込みいただけません"
"〒516-0000","伊勢市","宇治浦田町","提供エリア内です","提供エリア内です","お申込みいただけません","お申込みいただけません"
"〒516-0008","伊勢市","船江１丁目","提供エリア内です","提供エリア内です","お申込みいただけません","お申込みいただけません"
"〒516-0008","伊勢市","船江４丁目","提供エリア内です","提供エリア内です","お申込みいただけません","お申込みいただけません"
"〒516-0009","伊勢市","河崎３丁目","提供エリア内です","提供エリア内です","お申込みいただけません","お申込みいただけません"
"〒516-0009","伊勢市","河崎２丁目","提供エリア内です","提供エリア内です","お申込みいただけません","お申込みいただけません"
"〒516-0009","伊勢市","河崎１丁目","提供エリア内です","提供エリア内です","お申込みいただけません","お申込みいただけません"
"〒516-0011","伊勢市","一色町","提供エリア内です","提供エリア内です","お申込みいただけません","お申込みいただけません"
"〒516-0012","伊勢市","通町","提供エリア内です","提供エリア内です","お申込みいただけません","お申込みいただけません"
"〒516-0013","伊勢市","鹿海町","提供エリア内です","提供エリア内です","お申込みいただけません","お申込みいただけません"
"〒516-0014","伊勢市","楠部町","提供エリア内です","提供エリア内です","お申込みいただけません","お申込みいただけません"
"〒516-0015","伊勢市","久世戸町","提供エリア内です","提供エリア内です","お申込みいただけません","お申込みいただけません"
"〒516-0016","伊勢市","神田久志本町","提供エリア内です","提供エリア内です","お申込みいただけません","お申込みいただけません"
"〒516-0017","伊勢市","神久２丁目","提供エリア内です","提供エリア内です","お申込みいただけません","お申込みいただけません"
"〒516-0017","伊勢市","神久３丁目","提供エリア内です","提供エリア内です","お申込みいただけません","お申込みいただけません"
"〒516-0017","伊勢市","神久４丁目","提供エリア内です","提供エリア内です","お申込みいただけません","お申込みいただけません"
"〒516-0017","伊勢市","神久５丁目","提供エリア内です","提供エリア内です","お申込みいただけません","お申込みいただけません"
"〒516-0017","伊勢市","神久６丁目","提供エリア内です","提供エリア内です","お申込みいただけません","お申込みいただけません"
"〒516-0017","伊勢市","神久１丁目","提供エリア内です","提供エリア内です","お申込みいただけません","お申込みいただけません"
"〒516-0018","伊勢市","黒瀬町","提供エリア内です","提供エリア内です","お申込みいただけません","お申込みいただけません"
"〒516-0022","伊勢市","一宇田町","提供エリア内です","提供エリア内です","お申込みいただけません","お申込みいただけません"
"〒516-0023","伊勢市","宇治館町","提供エリア内です","提供エリア内です","お申込みいただけません","お申込みいただけません"
"〒516-0024","伊勢市","宇治今在家町","提供エリア内です","提供エリア内です","お申込みいただけません","お申込みいただけません"
"〒516-0025","伊勢市","宇治中之切町","提供エリア内です","提供エリア内です","お申込みいただけません","お申込みいただけません"
"〒516-0026","伊勢市","宇治浦田３丁目","提供エリア内です","提供エリア内です","お申込みいただけません","お申込みいただけません"
"〒516-0026","伊勢市","宇治浦田２丁目","提供エリア内です","提供エリア内です","お申込みいただけません","お申込みいただけません"
"〒516-0026","伊勢市","宇治浦田１丁目","提供エリア内です","提供エリア内です","お申込みいただけません","お申込みいただけません"
"〒516-0027","伊勢市","桜木町","提供エリア内です","提供エリア内です","お申込みいただけません","お申込みいただけません"
"〒516-0028","伊勢市","中村町桜が丘","提供エリア内です","提供エリア内です","お申込みいただけません","お申込みいただけません"
"〒516-0028","伊勢市","中村町","提供エリア内です","提供エリア内です","お申込みいただけません","お申込みいただけません"
"〒516-0031","伊勢市","尾上町","提供エリア内です","提供エリア内です","お申込みいただけません","お申込みいただけません"
"〒516-0032","伊勢市","倭町","提供エリア内です","提供エリア内です","お申込みいただけません","お申込みいただけません"
"〒516-0033","伊勢市","古市町","提供エリア内です","提供エリア内です","お申込みいただけません","お申込みいただけません"
"〒516-0034","伊勢市","中之町","提供エリア内です","提供エリア内です","お申込みいただけません","お申込みいただけません"
"〒516-0035","伊勢市","勢田町","提供エリア内です","提供エリア内です","お申込みいただけません","お申込みいただけません"
"〒516-0036","伊勢市","岡本３丁目","提供エリア内です","提供エリア内です","お申込みいただけません","お申込みいただけません"
"〒516-0036","伊勢市","岡本２丁目","提供エリア内です","提供エリア内です","お申込みいただけません","お申込みいただけません"
"〒516-0036","伊勢市","岡本１丁目","提供エリア内です","提供エリア内です","お申込みいただけません","お申込みいただけません"
"〒516-0037","伊勢市","岩渕２丁目","提供エリア内です","提供エリア内です","お申込みいただけません","お申込みいただけません"
"〒516-0037","伊勢市","岩渕１丁目","提供エリア内です","提供エリア内です","お申込みいただけません","お申込みいただけません"
"〒516-0037","伊勢市","岩渕３丁目","提供エリア内です","提供エリア内です","お申込みいただけません","お申込みいただけません"
"〒516-0038","伊勢市","岩渕町","提供エリア内です","提供エリア内です","お申込みいただけません","お申込みいただけません"
"〒516-0041","伊勢市","常磐１丁目","提供エリア内です","提供エリア内です","お申込みいただけません","お申込みいただけません"
"〒516-0041","伊勢市","常磐２丁目","提供エリア内です","提供エリア内です","お申込みいただけません","お申込みいただけません"
"〒516-0041","伊勢市","常磐３丁目","提供エリア内です","提供エリア内です","お申込みいただけません","お申込みいただけません"
"〒516-0042","伊勢市","豊川町","提供エリア内です","提供エリア内です","お申込みいただけません","お申込みいただけません"
"〒516-0043","伊勢市","藤里町","提供エリア内です","提供エリア内です","お申込みいただけません","お申込みいただけません"
"〒516-0044","伊勢市","前山町","提供エリア内です","提供エリア内です","お申込みいただけません","お申込みいただけません"
"〒516-0045","伊勢市","旭町","提供エリア内です","提供エリア内です","お申込みいただけません","お申込みいただけません"
"〒516-0046","伊勢市","辻久留町","提供エリア内です","提供エリア内です","お申込みいただけません","お申込みいただけません"
"〒516-0047","伊勢市","常磐町","提供エリア内です","提供エリア内です","お申込みいただけません","お申込みいただけません"
"〒516-0051","伊勢市","上地町","提供エリア内です","提供エリア内です","お申込みいただけません","お申込みいただけません"
"〒516-0052","伊勢市","川端町","提供エリア内です","提供エリア内です","お申込みいただけません","お申込みいただけません"
"〒516-0053","伊勢市","中須町","提供エリア内です","提供エリア内です","お申込みいただけません","お申込みいただけません"
"〒516-0054","伊勢市","粟野町","提供エリア内です","提供エリア内です","お申込みいただけません","お申込みいただけません"
"〒516-0061","伊勢市","宮川２丁目","提供エリア内です","提供エリア内です","お申込みいただけません","お申込みいただけません"
"〒516-0061","伊勢市","宮川１丁目","提供エリア内です","提供エリア内です","お申込みいただけません","お申込みいただけません"
"〒516-0062","伊勢市","浦口１丁目","提供エリア内です","提供エリア内です","お申込みいただけません","お申込みいただけません"
"〒516-0062","伊勢市","浦口２丁目","提供エリア内です","提供エリア内です","お申込みいただけません","お申込みいただけません"
"〒516-0062","伊勢市","浦口３丁目","提供エリア内です","提供エリア内です","お申込みいただけません","お申込みいただけません"
"〒516-0062","伊勢市","浦口４丁目","提供エリア内です","提供エリア内です","お申込みいただけません","お申込みいただけません"
"〒516-0063","伊勢市","浦口町","提供エリア内です","提供エリア内です","お申込みいただけません","お申込みいただけません"
"〒516-0064","伊勢市","二俣２丁目","提供エリア内です","提供エリア内です","お申込みいただけません","お申込みいただけません"
"〒516-0064","伊勢市","二俣３丁目","提供エリア内です","提供エリア内です","お申込みいただけません","お申込みいただけません"
"〒516-0064","伊勢市","二俣４丁目","提供エリア内です","提供エリア内です","お申込みいただけません","お申込みいただけません"
"〒516-0064","伊勢市","二俣１丁目","提供エリア内です","提供エリア内です","お申込みいただけません","お申込みいただけません"
"〒516-0065","伊勢市","二俣町","提供エリア内です","提供エリア内です","お申込みいただけません","お申込みいただけません"
"〒516-0066","伊勢市","辻久留１丁目","提供エリア内です","提供エリア内です","お申込みいただけません","お申込みいただけません"
"〒516-0066","伊勢市","辻久留２丁目","提供エリア内です","提供エリア内です","お申込みいただけません","お申込みいただけません"
"〒516-0066","伊勢市","辻久留３丁目","提供エリア内です","提供エリア内です","お申込みいただけません","お申込みいただけません"
"〒516-0067","伊勢市","中島１丁目","提供エリア内です","提供エリア内です","お申込みいただけません","お申込みいただけません"
"〒516-0067","伊勢市","中島２丁目","提供エリア内です","提供エリア内です","お申込みいただけません","お申込みいただけません"
"〒516-0071","伊勢市","一之木１丁目","提供エリア内です","提供エリア内です","お申込みいただけません","お申込みいただけません"
"〒516-0071","伊勢市","一之木２丁目","提供エリア内です","提供エリア内です","お申込みいただけません","お申込みいただけません"
"〒516-0071","伊勢市","一之木４丁目","提供エリア内です","提供エリア内です","お申込みいただけません","お申込みいただけません"
"〒516-0071","伊勢市","一之木５丁目","提供エリア内です","提供エリア内です","お申込みいただけません","お申込みいただけません"
"〒516-0071","伊勢市","一之木３丁目","提供エリア内です","提供エリア内です","お申込みいただけません","お申込みいただけません"
"〒516-0072","伊勢市","宮後１丁目","提供エリア内です","提供エリア内です","お申込みいただけません","お申込みいただけません"
"〒516-0072","伊勢市","宮後２丁目","提供エリア内です","提供エリア内です","お申込みいただけません","お申込みいただけません"
"〒516-0072","伊勢市","宮後３丁目","提供エリア内です","提供エリア内です","お申込みいただけません","お申込みいただけません"
"〒516-0073","伊勢市","吹上１丁目","提供エリア内です","提供エリア内です","お申込みいただけません","お申込みいただけません"
"〒516-0073","伊勢市","吹上２丁目","提供エリア内です","提供エリア内です","お申込みいただけません","お申込みいただけません"
"〒516-0074","伊勢市","本町","提供エリア内です","提供エリア内です","お申込みいただけません","お申込みいただけません"
"〒516-0075","伊勢市","一志町","提供エリア内です","提供エリア内です","お申込みいただけません","お申込みいただけません"
"〒516-0076","伊勢市","八日市場町","提供エリア内です","提供エリア内です","お申込みいただけません","お申込みいただけません"
"〒516-0077","伊勢市","宮町２丁目","提供エリア内です","提供エリア内です","お申込みいただけません","お申込みいただけません"
"〒516-0077","伊勢市","宮町１丁目","提供エリア内です","提供エリア内です","お申込みいただけません","お申込みいただけません"
"〒516-0078","伊勢市","曽祢２丁目","提供エリア内です","提供エリア内です","お申込みいただけません","お申込みいただけません"
"〒516-0078","伊勢市","曽祢１丁目","提供エリア内です","提供エリア内です","お申込みいただけません","お申込みいただけません"
"〒516-0079","伊勢市","大世古４丁目","提供エリア内です","提供エリア内です","お申込みいただけません","お申込みいただけません"
"〒516-0079","伊勢市","大世古２丁目","提供エリア内です","提供エリア内です","お申込みいただけません","お申込みいただけません"
"〒516-0079","伊勢市","大世古３丁目","提供エリア内です","提供エリア内です","お申込みいただけません","お申込みいただけません"
"〒516-0079","伊勢市","大世古１丁目","提供エリア内です","提供エリア内です","お申込みいただけません","お申込みいただけません"
"〒516-0805","伊勢市","御薗町高向","提供エリア内です","提供エリア内です","お申込みいただけません","お申込みいただけません"
"〒516-1101","伊勢市","大倉町","提供エリア内です","提供エリア内です","お申込みいただけません","お申込みいただけません"
"〒519-0322","鈴鹿市","三畑町","提供エリア内です","提供エリア内です","お申込みいただけません","お申込みいただけません"
"〒519-0502","伊勢市","小俣町相合","提供エリア内です","提供エリア内です","お申込みいただけません","お申込みいただけません"
"〒519-0504","伊勢市","小俣町宮前","提供エリア内です","提供エリア内です","お申込みいただけません","お申込みいただけません"
"〒519-0505","伊勢市","小俣町本町","提供エリア内です","提供エリア内です","お申込みいただけません","お申込みいただけません"
"〒519-0506","伊勢市","小俣町湯田","提供エリア内です","提供エリア内です","お申込みいただけません","お申込みいただけません"
"〒519-0507","伊勢市","小俣町新村","提供エリア内です","提供エリア内です","お申込みいただけません","お申込みいただけません"
"〒519-0507","伊勢市","小俣町新村一ノ岡","提供エリア内です","提供エリア内です","お申込みいただけません","お申込みいただけません"
"〒510-0101","四日市市","楠町小倉","提供エリア内です (要確認)","提供エリア内です (要確認)","お申込みいただけません","提供エリア内です (要確認)"
